species,index,file,name,mtime,size
bear,1,assets\monsters\bear\bear_01.png,bear_01.png,1782772603.002017,475355
bear,2,assets\monsters\bear\bear_02.png,bear_02.png,1782772603.1088574,433073
bear,3,assets\monsters\bear\bear_03.png,bear_03.png,1782772603.2127066,453792
bear,4,assets\monsters\bear\bear_04.png,bear_04.png,1782772603.3218038,475865
bear,5,assets\monsters\bear\bear_05.png,bear_05.png,1782772603.4321616,480208
bear,6,assets\monsters\bear\bear_06.png,bear_06.png,1782772603.5312328,444287
bear,7,assets\monsters\bear\bear_07.png,bear_07.png,1782772603.6371422,406103
bear,8,assets\monsters\bear\bear_08.png,bear_08.png,1782772603.7280736,442758
bear,9,assets\monsters\bear\bear_09.png,bear_09.png,1782772603.8287232,448314
bear,10,assets\monsters\bear\bear_10.png,bear_10.png,1782772603.9320416,541633
bear,11,assets\monsters\bear\bear_11.png,bear_11.png,1782772604.0617728,527254
bear,12,assets\monsters\bear\bear_12.png,bear_12.png,1782772604.1782725,501970
beetle,1,assets\monsters\beetle\beetle_01.png,beetle_01.png,1782772604.3765838,452384
beetle,2,assets\monsters\beetle\beetle_02.png,beetle_02.png,1782772604.4779186,463005
beetle,3,assets\monsters\beetle\beetle_03.png,beetle_03.png,1782772604.582019,428776
beetle,4,assets\monsters\beetle\beetle_04.png,beetle_04.png,1782772604.6974962,394427
beetle,5,assets\monsters\beetle\beetle_05.png,beetle_05.png,1782772604.794574,416537
beetle,6,assets\monsters\beetle\beetle_06.png,beetle_06.png,1782772604.9042559,430472
beetle,7,assets\monsters\beetle\beetle_07.png,beetle_07.png,1782772605.0024688,413020
beetle,8,assets\monsters\beetle\beetle_08.png,beetle_08.png,1782772605.119195,417369
beetle,9,assets\monsters\beetle\beetle_09.png,beetle_09.png,1782772605.226419,449940
beetle,10,assets\monsters\beetle\beetle_10.png,beetle_10.png,1782772605.3315296,485422
beetle,11,assets\monsters\beetle\beetle_11.png,beetle_11.png,1782772605.4289274,388364
beetle,12,assets\monsters\beetle\beetle_12.png,beetle_12.png,1782772605.5112352,358676
cat,1,assets\monsters\cat\cat_01.png,cat_01.png,1782772605.725641,397541
cat,2,assets\monsters\cat\cat_02.png,cat_02.png,1782772605.8273666,409563
cat,3,assets\monsters\cat\cat_03.png,cat_03.png,1782772605.919567,416513
cat,4,assets\monsters\cat\cat_04.png,cat_04.png,1782772605.9988503,410359
cat,5,assets\monsters\cat\cat_05.png,cat_05.png,1782772606.1121967,442691
cat,6,assets\monsters\cat\cat_06.png,cat_06.png,1782772606.2110965,399891
cat,7,assets\monsters\cat\cat_07.png,cat_07.png,1782772606.3097923,443828
cat,8,assets\monsters\cat\cat_08.png,cat_08.png,1782772606.403841,415293
cat,9,assets\monsters\cat\cat_09.png,cat_09.png,1782772606.4951293,412839
cat,10,assets\monsters\cat\cat_10.png,cat_10.png,1782772606.6024601,443206
cat,11,assets\monsters\cat\cat_11.png,cat_11.png,1782772606.6929984,386595
cat,12,assets\monsters\cat\cat_12.png,cat_12.png,1782772606.7956078,407645
crocodile,1,assets\monsters\crocodile\crocodile_01.png,crocodile_01.png,1782772607.0065484,516069
crocodile,2,assets\monsters\crocodile\crocodile_02.png,crocodile_02.png,1782772607.1142359,497270
crocodile,3,assets\monsters\crocodile\crocodile_03.png,crocodile_03.png,1782772607.221836,528645
crocodile,4,assets\monsters\crocodile\crocodile_04.png,crocodile_04.png,1782772607.318604,499001
crocodile,5,assets\monsters\crocodile\crocodile_05.png,crocodile_05.png,1782772607.4283273,492243
crocodile,6,assets\monsters\crocodile\crocodile_06.png,crocodile_06.png,1782772607.526994,522933
crocodile,7,assets\monsters\crocodile\crocodile_07.png,crocodile_07.png,1782772607.6476116,498178
crocodile,8,assets\monsters\crocodile\crocodile_08.png,crocodile_08.png,1782772607.7598789,489112
crocodile,9,assets\monsters\crocodile\crocodile_09.png,crocodile_09.png,1782772607.8573403,497652
crocodile,10,assets\monsters\crocodile\crocodile_10.png,crocodile_10.png,1782772607.9585369,504451
crocodile,11,assets\monsters\crocodile\crocodile_11.png,crocodile_11.png,1782772608.0452478,490494
crocodile,12,assets\monsters\crocodile\crocodile_12.png,crocodile_12.png,1782772608.1547685,496976
crow,1,assets\monsters\crow\crow_01.png,crow_01.png,1782772608.3809135,480013
crow,2,assets\monsters\crow\crow_02.png,crow_02.png,1782772608.477985,432743
crow,3,assets\monsters\crow\crow_03.png,crow_03.png,1782772608.582761,472376
crow,4,assets\monsters\crow\crow_04.png,crow_04.png,1782772608.679782,434132
crow,5,assets\monsters\crow\crow_05.png,crow_05.png,1782772608.7736175,451815
crow,6,assets\monsters\crow\crow_06.png,crow_06.png,1782772608.892083,435229
crow,7,assets\monsters\crow\crow_07.png,crow_07.png,1782772608.9878082,399504
crow,8,assets\monsters\crow\crow_08.png,crow_08.png,1782772609.089074,435726
crow,9,assets\monsters\crow\crow_09.png,crow_09.png,1782772609.191578,433421
crow,10,assets\monsters\crow\crow_10.png,crow_10.png,1782772609.2947173,365060
crow,11,assets\monsters\crow\crow_11.png,crow_11.png,1782772609.3888328,422078
deer,1,assets\monsters\deer\deer_01.png,deer_01.png,1782772609.5837371,380878
deer,2,assets\monsters\deer\deer_02.png,deer_02.png,1782772609.691766,411004
deer,3,assets\monsters\deer\deer_03.png,deer_03.png,1782772609.7950647,398430
deer,4,assets\monsters\deer\deer_04.png,deer_04.png,1782772609.8900967,383561
deer,5,assets\monsters\deer\deer_05.png,deer_05.png,1782772609.9861705,369918
deer,6,assets\monsters\deer\deer_06.png,deer_06.png,1782772610.0806203,389132
deer,7,assets\monsters\deer\deer_07.png,deer_07.png,1782772610.1859376,405555
deer,8,assets\monsters\deer\deer_08.png,deer_08.png,1782772610.2777627,355197
deer,9,assets\monsters\deer\deer_09.png,deer_09.png,1782772610.369458,416796
deer,10,assets\monsters\deer\deer_10.png,deer_10.png,1782772610.472974,400800
deer,11,assets\monsters\deer\deer_11.png,deer_11.png,1782772610.5742822,368463
deer,12,assets\monsters\deer\deer_12.png,deer_12.png,1782772610.673315,386149
dog,1,assets\monsters\dog\dog_01.png,dog_01.png,1782772610.8448987,448047
dog,2,assets\monsters\dog\dog_02.png,dog_02.png,1782772610.940922,426756
dog,3,assets\monsters\dog\dog_03.png,dog_03.png,1782772611.0391319,492853
dog,4,assets\monsters\dog\dog_04.png,dog_04.png,1782772611.1460867,443470
dog,5,assets\monsters\dog\dog_05.png,dog_05.png,1782772611.2357137,404414
dog,6,assets\monsters\dog\dog_06.png,dog_06.png,1782772611.336338,411304
dog,7,assets\monsters\dog\dog_07.png,dog_07.png,1782772611.438497,419298
dog,8,assets\monsters\dog\dog_08.png,dog_08.png,1782772611.531929,398876
dog,9,assets\monsters\dog\dog_09.png,dog_09.png,1782772611.6444392,502326
dog,10,assets\monsters\dog\dog_10.png,dog_10.png,1782772611.7364388,514813
dog,11,assets\monsters\dog\dog_11.png,dog_11.png,1782772611.8351493,436092
dog,12,assets\monsters\dog\dog_12.png,dog_12.png,1782772611.9423523,442983
dolphin,1,assets\monsters\dolphin\dolphin_01.png,dolphin_01.png,1782772612.1468427,393261
dolphin,2,assets\monsters\dolphin\dolphin_02.png,dolphin_02.png,1782772612.2386675,413041
dolphin,3,assets\monsters\dolphin\dolphin_03.png,dolphin_03.png,1782772612.3357067,406690
dolphin,4,assets\monsters\dolphin\dolphin_04.png,dolphin_04.png,1782772612.4521859,415444
dolphin,5,assets\monsters\dolphin\dolphin_05.png,dolphin_05.png,1782772612.5538938,385408
dolphin,6,assets\monsters\dolphin\dolphin_06.png,dolphin_06.png,1782772612.653739,366365
dolphin,7,assets\monsters\dolphin\dolphin_07.png,dolphin_07.png,1782772612.742413,376905
dolphin,8,assets\monsters\dolphin\dolphin_08.png,dolphin_08.png,1782772612.8378248,386425
dolphin,9,assets\monsters\dolphin\dolphin_09.png,dolphin_09.png,1782772612.9194944,429854
dolphin,10,assets\monsters\dolphin\dolphin_10.png,dolphin_10.png,1782772613.0213346,386245
dolphin,11,assets\monsters\dolphin\dolphin_11.png,dolphin_11.png,1782772613.1219747,364347
dolphin,12,assets\monsters\dolphin\dolphin_12.png,dolphin_12.png,1782772613.2187455,343342
eagle,1,assets\monsters\eagle\eagle_01.png,eagle_01.png,1782772613.4354458,497956
eagle,2,assets\monsters\eagle\eagle_02.png,eagle_02.png,1782772613.539534,488208
eagle,3,assets\monsters\eagle\eagle_03.png,eagle_03.png,1782772613.6400073,460064
eagle,4,assets\monsters\eagle\eagle_04.png,eagle_04.png,1782772613.759058,504383
eagle,5,assets\monsters\eagle\eagle_05.png,eagle_05.png,1782772613.863302,541727
eagle,6,assets\monsters\eagle\eagle_06.png,eagle_06.png,1782772613.9516456,471208
eagle,7,assets\monsters\eagle\eagle_07.png,eagle_07.png,1782772614.047744,517655
eagle,8,assets\monsters\eagle\eagle_08.png,eagle_08.png,1782772614.1502037,477053
eagle,9,assets\monsters\eagle\eagle_09.png,eagle_09.png,1782772614.25342,465476
eagle,10,assets\monsters\eagle\eagle_10.png,eagle_10.png,1782772614.3498814,531131
eagle,11,assets\monsters\eagle\eagle_11.png,eagle_11.png,1782772614.4529788,488575
eagle,12,assets\monsters\eagle\eagle_12.png,eagle_12.png,1782772614.5691504,475473
elephant,1,assets\monsters\elephant\elephant_01.png,elephant_01.png,1782772614.768691,509680
elephant,2,assets\monsters\elephant\elephant_02.png,elephant_02.png,1782772614.864538,496816
elephant,3,assets\monsters\elephant\elephant_03.png,elephant_03.png,1782772614.9662395,504642
elephant,4,assets\monsters\elephant\elephant_04.png,elephant_04.png,1782772615.0772705,505766
elephant,5,assets\monsters\elephant\elephant_05.png,elephant_05.png,1782772615.1656308,484383
elephant,6,assets\monsters\elephant\elephant_06.png,elephant_06.png,1782772615.264025,547826
elephant,7,assets\monsters\elephant\elephant_07.png,elephant_07.png,1782772615.3671596,528721
elephant,8,assets\monsters\elephant\elephant_08.png,elephant_08.png,1782772615.4646223,500533
elephant,9,assets\monsters\elephant\elephant_09.png,elephant_09.png,1782772615.568653,497846
elephant,10,assets\monsters\elephant\elephant_10.png,elephant_10.png,1782772615.6795073,476123
elephant,11,assets\monsters\elephant\elephant_11.png,elephant_11.png,1782772615.7800238,530203
elephant,12,assets\monsters\elephant\elephant_12.png,elephant_12.png,1782772615.8830965,484030
fox,1,assets\monsters\fox\fox_01.png,fox_01.png,1782772616.1009572,395192
fox,2,assets\monsters\fox\fox_02.png,fox_02.png,1782772616.2160385,491350
fox,3,assets\monsters\fox\fox_03.png,fox_03.png,1782772616.3115811,403874
fox,4,assets\monsters\fox\fox_04.png,fox_04.png,1782772616.4159691,423229
fox,5,assets\monsters\fox\fox_05.png,fox_05.png,1782772616.5155244,425626
fox,6,assets\monsters\fox\fox_06.png,fox_06.png,1782772616.6202948,462977
fox,7,assets\monsters\fox\fox_07.png,fox_07.png,1782772616.7192822,426540
fox,8,assets\monsters\fox\fox_08.png,fox_08.png,1782772616.8143466,408172
fox,9,assets\monsters\fox\fox_09.png,fox_09.png,1782772616.9150546,433328
fox,10,assets\monsters\fox\fox_10.png,fox_10.png,1782772617.0147696,410632
fox,11,assets\monsters\fox\fox_11.png,fox_11.png,1782772617.1237586,440733
fox,12,assets\monsters\fox\fox_12.png,fox_12.png,1782772617.2186093,465413
frog,1,assets\monsters\frog\frog_01.png,frog_01.png,1782772617.4170969,455110
frog,2,assets\monsters\frog\frog_02.png,frog_02.png,1782772617.518418,480383
frog,3,assets\monsters\frog\frog_03.png,frog_03.png,1782772617.6180484,500332
frog,4,assets\monsters\frog\frog_04.png,frog_04.png,1782772617.7342632,525692
frog,5,assets\monsters\frog\frog_05.png,frog_05.png,1782772617.835016,482686
frog,6,assets\monsters\frog\frog_06.png,frog_06.png,1782772617.936264,569411
frog,7,assets\monsters\frog\frog_07.png,frog_07.png,1782772618.042589,510621
frog,8,assets\monsters\frog\frog_08.png,frog_08.png,1782772618.1445582,466404
frog,9,assets\monsters\frog\frog_09.png,frog_09.png,1782772618.238716,478749
frog,10,assets\monsters\frog\frog_10.png,frog_10.png,1782772618.333295,542060
frog,11,assets\monsters\frog\frog_11.png,frog_11.png,1782772618.4335432,463030
frog,12,assets\monsters\frog\frog_12.png,frog_12.png,1782772618.550529,517958
giraffe,1,assets\monsters\giraffe\giraffe_01.png,giraffe_01.png,1782772618.7413058,396563
giraffe,2,assets\monsters\giraffe\giraffe_02.png,giraffe_02.png,1782772618.8253896,402611
giraffe,3,assets\monsters\giraffe\giraffe_03.png,giraffe_03.png,1782772618.9268909,431552
giraffe,4,assets\monsters\giraffe\giraffe_04.png,giraffe_04.png,1782772619.0416772,401121
giraffe,5,assets\monsters\giraffe\giraffe_05.png,giraffe_05.png,1782772619.1257205,416048
giraffe,6,assets\monsters\giraffe\giraffe_06.png,giraffe_06.png,1782772619.2309415,432965
giraffe,7,assets\monsters\giraffe\giraffe_07.png,giraffe_07.png,1782772619.3267443,410322
giraffe,8,assets\monsters\giraffe\giraffe_08.png,giraffe_08.png,1782772619.4102461,412478
giraffe,9,assets\monsters\giraffe\giraffe_09.png,giraffe_09.png,1782772619.5142481,366064
giraffe,10,assets\monsters\giraffe\giraffe_10.png,giraffe_10.png,1782772619.610453,410425
gorilla,1,assets\monsters\gorilla\ChatGPT Image 2026年6月30日 23_31_32 (1).png,ChatGPT Image 2026年6月30日 23_31_32 (1).png,1782829892.9812398,1760113
gorilla,2,assets\monsters\gorilla\ChatGPT Image 2026年6月30日 23_31_32 (2).png,ChatGPT Image 2026年6月30日 23_31_32 (2).png,1782829893.1250784,1857445
gorilla,3,assets\monsters\gorilla\ChatGPT Image 2026年6月30日 23_31_32 (3).png,ChatGPT Image 2026年6月30日 23_31_32 (3).png,1782829893.602677,1932726
gorilla,4,assets\monsters\gorilla\ChatGPT Image 2026年6月30日 23_31_33 (4).png,ChatGPT Image 2026年6月30日 23_31_33 (4).png,1782829893.9975865,1609319
gorilla,5,assets\monsters\gorilla\ChatGPT Image 2026年6月30日 23_31_33 (5).png,ChatGPT Image 2026年6月30日 23_31_33 (5).png,1782829894.3386636,1671729
gorilla,6,assets\monsters\gorilla\ChatGPT Image 2026年6月30日 23_31_34 (6).png,ChatGPT Image 2026年6月30日 23_31_34 (6).png,1782829894.6312468,2285567
gorilla,7,assets\monsters\gorilla\ChatGPT Image 2026年7月1日 06_38_16 (1).png,ChatGPT Image 2026年7月1日 06_38_16 (1).png,1782855496.6316779,1800937
gorilla,8,assets\monsters\gorilla\ChatGPT Image 2026年7月1日 06_38_16 (2).png,ChatGPT Image 2026年7月1日 06_38_16 (2).png,1782855496.8253174,1762655
gorilla,9,assets\monsters\gorilla\ChatGPT Image 2026年7月1日 06_38_16 (3).png,ChatGPT Image 2026年7月1日 06_38_16 (3).png,1782855496.8738856,1731189
gorilla,10,assets\monsters\gorilla\ChatGPT Image 2026年7月1日 06_38_16 (4).png,ChatGPT Image 2026年7月1日 06_38_16 (4).png,1782855496.9346738,1680706
gorilla,11,assets\monsters\gorilla\ChatGPT Image 2026年7月1日 06_38_16 (5).png,ChatGPT Image 2026年7月1日 06_38_16 (5).png,1782855497.057767,2000629
gorilla,12,assets\monsters\gorilla\ChatGPT Image 2026年7月1日 06_38_16 (6).png,ChatGPT Image 2026年7月1日 06_38_16 (6).png,1782855497.0919006,1857895
hamster,1,assets\monsters\hamster\ChatGPT Image 2026年7月1日 06_47_26 (1).png,ChatGPT Image 2026年7月1日 06_47_26 (1).png,1782856049.8068154,1741325
hamster,2,assets\monsters\hamster\ChatGPT Image 2026年7月1日 06_47_29 (2).png,ChatGPT Image 2026年7月1日 06_47_29 (2).png,1782856050.3959365,1809096
hamster,3,assets\monsters\hamster\ChatGPT Image 2026年7月1日 06_47_30 (3).png,ChatGPT Image 2026年7月1日 06_47_30 (3).png,1782856051.454285,2006843
hamster,4,assets\monsters\hamster\ChatGPT Image 2026年7月1日 06_47_31 (4).png,ChatGPT Image 2026年7月1日 06_47_31 (4).png,1782856051.7876055,1844882
hamster,5,assets\monsters\hamster\ChatGPT Image 2026年7月1日 06_47_31 (5).png,ChatGPT Image 2026年7月1日 06_47_31 (5).png,1782856053.2863839,1767405
hamster,6,assets\monsters\hamster\ChatGPT Image 2026年7月1日 06_47_33 (6).png,ChatGPT Image 2026年7月1日 06_47_33 (6).png,1782856054.2849367,1761528
hamster,7,assets\monsters\hamster\ChatGPT Image 2026年7月1日 06_50_17 (1).png,ChatGPT Image 2026年7月1日 06_50_17 (1).png,1782856217.9840882,2115272
hamster,8,assets\monsters\hamster\ChatGPT Image 2026年7月1日 06_50_17 (2).png,ChatGPT Image 2026年7月1日 06_50_17 (2).png,1782856218.536236,2216487
hamster,9,assets\monsters\hamster\ChatGPT Image 2026年7月1日 06_50_17 (3).png,ChatGPT Image 2026年7月1日 06_50_17 (3).png,1782856218.6296532,1542270
hamster,10,assets\monsters\hamster\ChatGPT Image 2026年7月1日 06_50_17 (4).png,ChatGPT Image 2026年7月1日 06_50_17 (4).png,1782856218.662503,2086709
hamster,11,assets\monsters\hamster\ChatGPT Image 2026年7月1日 06_50_17 (5).png,ChatGPT Image 2026年7月1日 06_50_17 (5).png,1782856219.0481632,2148838
hamster,12,assets\monsters\hamster\ChatGPT Image 2026年7月1日 06_50_18 (6).png,ChatGPT Image 2026年7月1日 06_50_18 (6).png,1782856219.635142,2324711
hippo,1,assets\monsters\hippo\ChatGPT Image 2026年7月1日 06_53_23 (1).png,ChatGPT Image 2026年7月1日 06_53_23 (1).png,1782856404.2036545,2032258
hippo,2,assets\monsters\hippo\ChatGPT Image 2026年7月1日 06_53_23 (2).png,ChatGPT Image 2026年7月1日 06_53_23 (2).png,1782856404.702864,2071547
hippo,3,assets\monsters\hippo\ChatGPT Image 2026年7月1日 06_53_24 (3).png,ChatGPT Image 2026年7月1日 06_53_24 (3).png,1782856404.9734278,2092035
hippo,4,assets\monsters\hippo\ChatGPT Image 2026年7月1日 06_53_24 (4).png,ChatGPT Image 2026年7月1日 06_53_24 (4).png,1782856405.6848981,1878831
hippo,5,assets\monsters\hippo\ChatGPT Image 2026年7月1日 06_53_25 (5).png,ChatGPT Image 2026年7月1日 06_53_25 (5).png,1782856406.1591456,2075992
hippo,6,assets\monsters\hippo\ChatGPT Image 2026年7月1日 06_53_25 (6).png,ChatGPT Image 2026年7月1日 06_53_25 (6).png,1782856406.8178189,2034116
hippo,7,assets\monsters\hippo\ChatGPT Image 2026年7月1日 06_55_17 (1).png,ChatGPT Image 2026年7月1日 06_55_17 (1).png,1782856517.371923,2088027
hippo,8,assets\monsters\hippo\ChatGPT Image 2026年7月1日 06_55_17 (2).png,ChatGPT Image 2026年7月1日 06_55_17 (2).png,1782856517.8235624,2131710
hippo,9,assets\monsters\hippo\ChatGPT Image 2026年7月1日 06_55_17 (3).png,ChatGPT Image 2026年7月1日 06_55_17 (3).png,1782856518.0576317,1770347
hippo,10,assets\monsters\hippo\ChatGPT Image 2026年7月1日 06_55_17 (4).png,ChatGPT Image 2026年7月1日 06_55_17 (4).png,1782856518.2342262,2092911
hippo,11,assets\monsters\hippo\ChatGPT Image 2026年7月1日 06_55_17 (5).png,ChatGPT Image 2026年7月1日 06_55_17 (5).png,1782856518.5022576,2228499
hippo,12,assets\monsters\hippo\ChatGPT Image 2026年7月1日 06_55_18 (6).png,ChatGPT Image 2026年7月1日 06_55_18 (6).png,1782856518.6492362,2180030
horse,1,assets\monsters\horse\ChatGPT Image 2026年7月1日 06_59_45 (1).png,ChatGPT Image 2026年7月1日 06_59_45 (1).png,1782856785.6807566,1814653
horse,2,assets\monsters\horse\ChatGPT Image 2026年7月1日 06_59_45 (2).png,ChatGPT Image 2026年7月1日 06_59_45 (2).png,1782856786.4420123,2024147
horse,3,assets\monsters\horse\ChatGPT Image 2026年7月1日 06_59_46 (3).png,ChatGPT Image 2026年7月1日 06_59_46 (3).png,1782856786.9012341,2114081
horse,4,assets\monsters\horse\ChatGPT Image 2026年7月1日 06_59_46 (4).png,ChatGPT Image 2026年7月1日 06_59_46 (4).png,1782856787.622831,2088550
horse,5,assets\monsters\horse\ChatGPT Image 2026年7月1日 06_59_47 (5).png,ChatGPT Image 2026年7月1日 06_59_47 (5).png,1782856789.449183,2181071
horse,6,assets\monsters\horse\ChatGPT Image 2026年7月1日 06_59_49 (6).png,ChatGPT Image 2026年7月1日 06_59_49 (6).png,1782856790.813445,2076578
horse,7,assets\monsters\horse\ChatGPT Image 2026年7月1日 07_01_10 (1).png,ChatGPT Image 2026年7月1日 07_01_10 (1).png,1782856870.771473,1907598
horse,8,assets\monsters\horse\ChatGPT Image 2026年7月1日 07_01_10 (2).png,ChatGPT Image 2026年7月1日 07_01_10 (2).png,1782856870.9758704,1744114
horse,9,assets\monsters\horse\ChatGPT Image 2026年7月1日 07_01_10 (3).png,ChatGPT Image 2026年7月1日 07_01_10 (3).png,1782856871.1372924,1537329
horse,10,assets\monsters\horse\ChatGPT Image 2026年7月1日 07_01_10 (4).png,ChatGPT Image 2026年7月1日 07_01_10 (4).png,1782856871.3313205,1868659
horse,11,assets\monsters\horse\ChatGPT Image 2026年7月1日 07_01_10 (5).png,ChatGPT Image 2026年7月1日 07_01_10 (5).png,1782856871.4161785,1889857
horse,12,assets\monsters\horse\ChatGPT Image 2026年7月1日 07_01_10 (6).png,ChatGPT Image 2026年7月1日 07_01_10 (6).png,1782856871.506876,2155745
human,1,assets\monsters\human\ChatGPT Image 2026年7月1日 07_04_24 (1).png,ChatGPT Image 2026年7月1日 07_04_24 (1).png,1782857068.1125727,1567580
human,2,assets\monsters\human\ChatGPT Image 2026年7月1日 07_04_27 (2).png,ChatGPT Image 2026年7月1日 07_04_27 (2).png,1782857068.6819057,1864249
human,3,assets\monsters\human\ChatGPT Image 2026年7月1日 07_04_28 (3).png,ChatGPT Image 2026年7月1日 07_04_28 (3).png,1782857069.1440022,1460110
human,4,assets\monsters\human\ChatGPT Image 2026年7月1日 07_04_28 (4).png,ChatGPT Image 2026年7月1日 07_04_28 (4).png,1782857069.8651083,1363976
human,5,assets\monsters\human\ChatGPT Image 2026年7月1日 07_04_29 (5).png,ChatGPT Image 2026年7月1日 07_04_29 (5).png,1782857070.3711107,1560043
human,6,assets\monsters\human\ChatGPT Image 2026年7月1日 07_04_29 (6).png,ChatGPT Image 2026年7月1日 07_04_29 (6).png,1782857071.0730982,1389307
human,7,assets\monsters\human\ChatGPT Image 2026年7月1日 07_27_01 (1).png,ChatGPT Image 2026年7月1日 07_27_01 (1).png,1782858422.393132,1571975
human,8,assets\monsters\human\ChatGPT Image 2026年7月1日 07_27_01 (2).png,ChatGPT Image 2026年7月1日 07_27_01 (2).png,1782858422.6216404,1590323
human,9,assets\monsters\human\ChatGPT Image 2026年7月1日 07_27_02 (3).png,ChatGPT Image 2026年7月1日 07_27_02 (3).png,1782858422.7686121,1252600
human,10,assets\monsters\human\ChatGPT Image 2026年7月1日 07_27_02 (4).png,ChatGPT Image 2026年7月1日 07_27_02 (4).png,1782858422.918258,1513611
human,11,assets\monsters\human\ChatGPT Image 2026年7月1日 07_27_02 (5).png,ChatGPT Image 2026年7月1日 07_27_02 (5).png,1782858423.135562,1674809
human,12,assets\monsters\human\ChatGPT Image 2026年7月1日 07_27_02 (6).png,ChatGPT Image 2026年7月1日 07_27_02 (6).png,1782858423.345106,2064410
jellyfish,1,assets\monsters\jellyfish\ChatGPT Image 2026年7月1日 07_27_26 (1).png,ChatGPT Image 2026年7月1日 07_27_26 (1).png,1782858446.421804,1680682
jellyfish,2,assets\monsters\jellyfish\ChatGPT Image 2026年7月1日 07_27_26 (2).png,ChatGPT Image 2026年7月1日 07_27_26 (2).png,1782858446.5422416,1884793
jellyfish,3,assets\monsters\jellyfish\ChatGPT Image 2026年7月1日 07_27_26 (3).png,ChatGPT Image 2026年7月1日 07_27_26 (3).png,1782858446.669056,1787994
jellyfish,4,assets\monsters\jellyfish\ChatGPT Image 2026年7月1日 07_27_26 (4).png,ChatGPT Image 2026年7月1日 07_27_26 (4).png,1782858446.7716422,2003956
jellyfish,5,assets\monsters\jellyfish\ChatGPT Image 2026年7月1日 07_27_26 (5).png,ChatGPT Image 2026年7月1日 07_27_26 (5).png,1782858446.8787813,1596509
jellyfish,6,assets\monsters\jellyfish\ChatGPT Image 2026年7月1日 07_27_26 (6).png,ChatGPT Image 2026年7月1日 07_27_26 (6).png,1782858448.009008,1916724
jellyfish,7,assets\monsters\jellyfish\ChatGPT Image 2026年7月1日 07_27_37 (1).png,ChatGPT Image 2026年7月1日 07_27_37 (1).png,1782858457.6343215,1789550
jellyfish,8,assets\monsters\jellyfish\ChatGPT Image 2026年7月1日 07_27_37 (2).png,ChatGPT Image 2026年7月1日 07_27_37 (2).png,1782858457.7508998,1632407
jellyfish,9,assets\monsters\jellyfish\ChatGPT Image 2026年7月1日 07_27_37 (3).png,ChatGPT Image 2026年7月1日 07_27_37 (3).png,1782858457.9244492,1378929
jellyfish,10,assets\monsters\jellyfish\ChatGPT Image 2026年7月1日 07_27_37 (4).png,ChatGPT Image 2026年7月1日 07_27_37 (4).png,1782858458.023241,1883469
jellyfish,11,assets\monsters\jellyfish\ChatGPT Image 2026年7月1日 07_27_37 (5).png,ChatGPT Image 2026年7月1日 07_27_37 (5).png,1782858458.2002616,1880414
jellyfish,12,assets\monsters\jellyfish\ChatGPT Image 2026年7月1日 07_27_37 (6).png,ChatGPT Image 2026年7月1日 07_27_37 (6).png,1782858458.3210683,2009135
koala,1,assets\monsters\koala\ChatGPT Image 2026年7月1日 07_31_01 (1).png,ChatGPT Image 2026年7月1日 07_31_01 (1).png,1782858662.2746582,2016963
koala,2,assets\monsters\koala\ChatGPT Image 2026年7月1日 07_31_01 (2).png,ChatGPT Image 2026年7月1日 07_31_01 (2).png,1782858662.965716,2001824
koala,3,assets\monsters\koala\ChatGPT Image 2026年7月1日 07_31_02 (3).png,ChatGPT Image 2026年7月1日 07_31_02 (3).png,1782858663.6339893,1983000
koala,4,assets\monsters\koala\ChatGPT Image 2026年7月1日 07_31_03 (4).png,ChatGPT Image 2026年7月1日 07_31_03 (4).png,1782858664.2389963,1922094
koala,5,assets\monsters\koala\ChatGPT Image 2026年7月1日 07_31_03 (5).png,ChatGPT Image 2026年7月1日 07_31_03 (5).png,1782858664.9078166,2034122
koala,6,assets\monsters\koala\ChatGPT Image 2026年7月1日 07_31_04 (6).png,ChatGPT Image 2026年7月1日 07_31_04 (6).png,1782858665.797324,2033750
koala,7,assets\monsters\koala\ChatGPT Image 2026年7月1日 07_35_22 (1).png,ChatGPT Image 2026年7月1日 07_35_22 (1).png,1782858923.1797493,1825403
koala,8,assets\monsters\koala\ChatGPT Image 2026年7月1日 07_35_22 (2).png,ChatGPT Image 2026年7月1日 07_35_22 (2).png,1782858923.7546735,1995320
koala,9,assets\monsters\koala\ChatGPT Image 2026年7月1日 07_35_23 (3).png,ChatGPT Image 2026年7月1日 07_35_23 (3).png,1782858925.083519,1495484
koala,10,assets\monsters\koala\ChatGPT Image 2026年7月1日 07_35_24 (4).png,ChatGPT Image 2026年7月1日 07_35_24 (4).png,1782858929.9636507,1951174
koala,11,assets\monsters\koala\ChatGPT Image 2026年7月1日 07_35_29 (5).png,ChatGPT Image 2026年7月1日 07_35_29 (5).png,1782858931.2387516,2324271
koala,12,assets\monsters\koala\ChatGPT Image 2026年7月1日 07_35_31 (6).png,ChatGPT Image 2026年7月1日 07_35_31 (6).png,1782858931.642798,2187239
lion,1,assets\monsters\lion\ChatGPT Image 2026年7月1日 07_37_58 (1).png,ChatGPT Image 2026年7月1日 07_37_58 (1).png,1782859078.92045,2129989
lion,2,assets\monsters\lion\ChatGPT Image 2026年7月1日 07_37_58 (2).png,ChatGPT Image 2026年7月1日 07_37_58 (2).png,1782859079.338221,2000226
lion,3,assets\monsters\lion\ChatGPT Image 2026年7月1日 07_37_59 (3).png,ChatGPT Image 2026年7月1日 07_37_59 (3).png,1782859079.609589,2233893
lion,4,assets\monsters\lion\ChatGPT Image 2026年7月1日 07_37_59 (4).png,ChatGPT Image 2026年7月1日 07_37_59 (4).png,1782859079.7799985,2019406
lion,5,assets\monsters\lion\ChatGPT Image 2026年7月1日 07_37_59 (5).png,ChatGPT Image 2026年7月1日 07_37_59 (5).png,1782859080.1785345,2036221
lion,6,assets\monsters\lion\ChatGPT Image 2026年7月1日 07_37_59 (6).png,ChatGPT Image 2026年7月1日 07_37_59 (6).png,1782859087.2656937,2033309
lion,7,assets\monsters\lion\ChatGPT Image 2026年7月1日 07_40_50 (1).png,ChatGPT Image 2026年7月1日 07_40_50 (1).png,1782859253.5772226,2116088
lion,8,assets\monsters\lion\ChatGPT Image 2026年7月1日 07_40_53 (2).png,ChatGPT Image 2026年7月1日 07_40_53 (2).png,1782859253.8684292,1920050
lion,9,assets\monsters\lion\ChatGPT Image 2026年7月1日 07_40_53 (3).png,ChatGPT Image 2026年7月1日 07_40_53 (3).png,1782859256.4806347,1939339
lion,10,assets\monsters\lion\ChatGPT Image 2026年7月1日 07_40_56 (4).png,ChatGPT Image 2026年7月1日 07_40_56 (4).png,1782859258.8608723,1811707
lion,11,assets\monsters\lion\ChatGPT Image 2026年7月1日 07_40_58 (5).png,ChatGPT Image 2026年7月1日 07_40_58 (5).png,1782859259.6465385,2294728
lion,12,assets\monsters\lion\ChatGPT Image 2026年7月1日 07_40_59 (6).png,ChatGPT Image 2026年7月1日 07_40_59 (6).png,1782859260.353291,2228454
mole,1,assets\monsters\mole\ChatGPT Image 2026年7月1日 07_43_18 (1).png,ChatGPT Image 2026年7月1日 07_43_18 (1).png,1782859399.3221867,1852889
mole,2,assets\monsters\mole\ChatGPT Image 2026年7月1日 07_43_18 (2).png,ChatGPT Image 2026年7月1日 07_43_18 (2).png,1782859399.8361616,1726150
mole,3,assets\monsters\mole\ChatGPT Image 2026年7月1日 07_43_19 (3).png,ChatGPT Image 2026年7月1日 07_43_19 (3).png,1782859400.5563533,1722535
mole,4,assets\monsters\mole\ChatGPT Image 2026年7月1日 07_43_20 (4).png,ChatGPT Image 2026年7月1日 07_43_20 (4).png,1782859406.3987145,1617884
mole,5,assets\monsters\mole\ChatGPT Image 2026年7月1日 07_43_26 (5).png,ChatGPT Image 2026年7月1日 07_43_26 (5).png,1782859408.690313,1871631
mole,6,assets\monsters\mole\ChatGPT Image 2026年7月1日 07_43_28 (6).png,ChatGPT Image 2026年7月1日 07_43_28 (6).png,1782859409.2495143,1789718
mole,7,assets\monsters\mole\ChatGPT Image 2026年7月1日 07_46_10 (1).png,ChatGPT Image 2026年7月1日 07_46_10 (1).png,1782859570.501209,1659002
mole,8,assets\monsters\mole\ChatGPT Image 2026年7月1日 07_46_10 (2).png,ChatGPT Image 2026年7月1日 07_46_10 (2).png,1782859570.7753043,1904578
mole,9,assets\monsters\mole\ChatGPT Image 2026年7月1日 07_46_10 (3).png,ChatGPT Image 2026年7月1日 07_46_10 (3).png,1782859571.045235,1665600
mole,10,assets\monsters\mole\ChatGPT Image 2026年7月1日 07_46_10 (4).png,ChatGPT Image 2026年7月1日 07_46_10 (4).png,1782859579.1015534,1969275
mole,11,assets\monsters\mole\ChatGPT Image 2026年7月1日 07_46_18 (5).png,ChatGPT Image 2026年7月1日 07_46_18 (5).png,1782859579.533188,1892076
mole,12,assets\monsters\mole\ChatGPT Image 2026年7月1日 07_46_19 (6).png,ChatGPT Image 2026年7月1日 07_46_19 (6).png,1782859579.8664415,1908157
monkey,1,assets\monsters\monkey\ChatGPT Image 2026年7月1日 07_49_12 (1).png,ChatGPT Image 2026年7月1日 07_49_12 (1).png,1782859754.503462,1901647
monkey,2,assets\monsters\monkey\ChatGPT Image 2026年7月1日 07_49_14 (2).png,ChatGPT Image 2026年7月1日 07_49_14 (2).png,1782859755.0902898,1664649
monkey,3,assets\monsters\monkey\ChatGPT Image 2026年7月1日 07_49_14 (3).png,ChatGPT Image 2026年7月1日 07_49_14 (3).png,1782859755.853989,1965089
monkey,4,assets\monsters\monkey\ChatGPT Image 2026年7月1日 07_49_15 (4).png,ChatGPT Image 2026年7月1日 07_49_15 (4).png,1782859756.6546235,1825228
monkey,5,assets\monsters\monkey\ChatGPT Image 2026年7月1日 07_49_16 (5).png,ChatGPT Image 2026年7月1日 07_49_16 (5).png,1782859757.452741,1533281
monkey,6,assets\monsters\monkey\ChatGPT Image 2026年7月1日 07_49_16 (6).png,ChatGPT Image 2026年7月1日 07_49_16 (6).png,1782859759.3142846,1932105
monkey,7,assets\monsters\monkey\ChatGPT Image 2026年7月1日 07_52_00 (1).png,ChatGPT Image 2026年7月1日 07_52_00 (1).png,1782859923.8124003,2069605
monkey,8,assets\monsters\monkey\ChatGPT Image 2026年7月1日 07_52_03 (2).png,ChatGPT Image 2026年7月1日 07_52_03 (2).png,1782859928.1423447,1707985
monkey,9,assets\monsters\monkey\ChatGPT Image 2026年7月1日 07_52_07 (3).png,ChatGPT Image 2026年7月1日 07_52_07 (3).png,1782859930.4835958,1373944
monkey,10,assets\monsters\monkey\ChatGPT Image 2026年7月1日 07_52_10 (4).png,ChatGPT Image 2026年7月1日 07_52_10 (4).png,1782859932.2531247,1658425
monkey,11,assets\monsters\monkey\ChatGPT Image 2026年7月1日 07_52_12 (5).png,ChatGPT Image 2026年7月1日 07_52_12 (5).png,1782859934.0147648,1841719
monkey,12,assets\monsters\monkey\ChatGPT Image 2026年7月1日 07_52_13 (6).png,ChatGPT Image 2026年7月1日 07_52_13 (6).png,1782859934.420597,2006174
ostrich,1,assets\monsters\ostrich\ChatGPT Image 2026年7月1日 07_56_58 (1).png,ChatGPT Image 2026年7月1日 07_56_58 (1).png,1782860223.3033912,1492744
ostrich,2,assets\monsters\ostrich\ChatGPT Image 2026年7月1日 07_57_03 (2).png,ChatGPT Image 2026年7月1日 07_57_03 (2).png,1782860223.4615624,1494349
ostrich,3,assets\monsters\ostrich\ChatGPT Image 2026年7月1日 07_57_03 (3).png,ChatGPT Image 2026年7月1日 07_57_03 (3).png,1782860223.680022,1586272
ostrich,4,assets\monsters\ostrich\ChatGPT Image 2026年7月1日 07_57_03 (4).png,ChatGPT Image 2026年7月1日 07_57_03 (4).png,1782860223.7615817,1520512
ostrich,5,assets\monsters\ostrich\ChatGPT Image 2026年7月1日 07_57_03 (5).png,ChatGPT Image 2026年7月1日 07_57_03 (5).png,1782860223.929063,1436965
ostrich,6,assets\monsters\ostrich\ChatGPT Image 2026年7月1日 07_57_03 (6).png,ChatGPT Image 2026年7月1日 07_57_03 (6).png,1782860224.024243,1651906
ostrich,7,assets\monsters\ostrich\ChatGPT Image 2026年7月1日 07_57_40 (1).png,ChatGPT Image 2026年7月1日 07_57_40 (1).png,1782860261.4178565,1448610
ostrich,8,assets\monsters\ostrich\ChatGPT Image 2026年7月1日 07_57_41 (2).png,ChatGPT Image 2026年7月1日 07_57_41 (2).png,1782860261.8496444,1503564
ostrich,9,assets\monsters\ostrich\ChatGPT Image 2026年7月1日 07_57_41 (3).png,ChatGPT Image 2026年7月1日 07_57_41 (3).png,1782860262.0966399,1223250
ostrich,10,assets\monsters\ostrich\ChatGPT Image 2026年7月1日 07_57_41 (4).png,ChatGPT Image 2026年7月1日 07_57_41 (4).png,1782860262.3121638,1429599
ostrich,11,assets\monsters\ostrich\ChatGPT Image 2026年7月1日 07_57_42 (5).png,ChatGPT Image 2026年7月1日 07_57_42 (5).png,1782860262.5568414,1488361
ostrich,12,assets\monsters\ostrich\ChatGPT Image 2026年7月1日 07_57_42 (6).png,ChatGPT Image 2026年7月1日 07_57_42 (6).png,1782860262.762713,1645273
owl,1,assets\monsters\owl\ChatGPT Image 2026年7月1日 08_00_24 (1).png,ChatGPT Image 2026年7月1日 08_00_24 (1).png,1782860424.8346767,1761116
owl,2,assets\monsters\owl\ChatGPT Image 2026年7月1日 08_00_24 (2).png,ChatGPT Image 2026年7月1日 08_00_24 (2).png,1782860425.0592344,1742938
owl,3,assets\monsters\owl\ChatGPT Image 2026年7月1日 08_00_24 (3).png,ChatGPT Image 2026年7月1日 08_00_24 (3).png,1782860425.420766,2043469
owl,4,assets\monsters\owl\ChatGPT Image 2026年7月1日 08_00_25 (4).png,ChatGPT Image 2026年7月1日 08_00_25 (4).png,1782860425.5815406,1893213
owl,5,assets\monsters\owl\ChatGPT Image 2026年7月1日 08_00_25 (5).png,ChatGPT Image 2026年7月1日 08_00_25 (5).png,1782860426.3442476,1948665
owl,6,assets\monsters\owl\ChatGPT Image 2026年7月1日 08_00_25 (6).png,ChatGPT Image 2026年7月1日 08_00_25 (6).png,1782860426.702312,1709956
owl,7,assets\monsters\owl\ChatGPT Image 2026年7月1日 08_03_14 (1).png,ChatGPT Image 2026年7月1日 08_03_14 (1).png,1782860595.201758,1817717
owl,8,assets\monsters\owl\ChatGPT Image 2026年7月1日 08_03_14 (2).png,ChatGPT Image 2026年7月1日 08_03_14 (2).png,1782860595.460021,1938366
owl,9,assets\monsters\owl\ChatGPT Image 2026年7月1日 08_03_15 (3).png,ChatGPT Image 2026年7月1日 08_03_15 (3).png,1782860595.5393121,1716743
owl,10,assets\monsters\owl\ChatGPT Image 2026年7月1日 08_03_15 (4).png,ChatGPT Image 2026年7月1日 08_03_15 (4).png,1782860595.6798708,1914317
owl,11,assets\monsters\owl\ChatGPT Image 2026年7月1日 08_03_15 (5).png,ChatGPT Image 2026年7月1日 08_03_15 (5).png,1782860595.7968757,2100366
owl,12,assets\monsters\owl\ChatGPT Image 2026年7月1日 08_03_15 (6).png,ChatGPT Image 2026年7月1日 08_03_15 (6).png,1782860595.9393551,2263006
penguin,1,assets\monsters\penguin\ChatGPT Image 2026年7月1日 08_15_55 (1).png,ChatGPT Image 2026年7月1日 08_15_55 (1).png,1782861359.6177218,1804615
penguin,2,assets\monsters\penguin\ChatGPT Image 2026年7月1日 08_15_59 (2).png,ChatGPT Image 2026年7月1日 08_15_59 (2).png,1782861360.4369256,1772123
penguin,3,assets\monsters\penguin\ChatGPT Image 2026年7月1日 08_16_00 (3).png,ChatGPT Image 2026年7月1日 08_16_00 (3).png,1782861361.152535,1343211
penguin,4,assets\monsters\penguin\ChatGPT Image 2026年7月1日 08_16_00 (4).png,ChatGPT Image 2026年7月1日 08_16_00 (4).png,1782861361.9161804,1597218
penguin,5,assets\monsters\penguin\ChatGPT Image 2026年7月1日 08_16_01 (5).png,ChatGPT Image 2026年7月1日 08_16_01 (5).png,1782861376.707883,1690426
penguin,6,assets\monsters\penguin\ChatGPT Image 2026年7月1日 08_16_16 (6).png,ChatGPT Image 2026年7月1日 08_16_16 (6).png,1782861376.8447833,2140942
penguin,7,assets\monsters\penguin\ChatGPT Image 2026年7月1日 08_16_26 (1).png,ChatGPT Image 2026年7月1日 08_16_26 (1).png,1782861386.6378486,1648021
penguin,8,assets\monsters\penguin\ChatGPT Image 2026年7月1日 08_16_26 (2).png,ChatGPT Image 2026年7月1日 08_16_26 (2).png,1782861386.8206031,1582399
penguin,9,assets\monsters\penguin\ChatGPT Image 2026年7月1日 08_16_26 (3).png,ChatGPT Image 2026年7月1日 08_16_26 (3).png,1782861386.9202528,1555829
penguin,10,assets\monsters\penguin\ChatGPT Image 2026年7月1日 08_16_26 (4).png,ChatGPT Image 2026年7月1日 08_16_26 (4).png,1782861387.031253,1639304
penguin,11,assets\monsters\penguin\ChatGPT Image 2026年7月1日 08_16_26 (5).png,ChatGPT Image 2026年7月1日 08_16_26 (5).png,1782861387.158617,1591112
penguin,12,assets\monsters\penguin\ChatGPT Image 2026年7月1日 08_16_27 (6).png,ChatGPT Image 2026年7月1日 08_16_27 (6).png,1782861387.34978,1685710
rabbit,1,assets\monsters\rabbit\ChatGPT Image 2026年7月1日 22_44_33 (1).png,ChatGPT Image 2026年7月1日 22_44_33 (1).png,1782913475.3388476,1434680
rabbit,2,assets\monsters\rabbit\ChatGPT Image 2026年7月1日 22_44_34 (2).png,ChatGPT Image 2026年7月1日 22_44_34 (2).png,1782913475.499147,1682700
rabbit,3,assets\monsters\rabbit\ChatGPT Image 2026年7月1日 22_44_34 (3).png,ChatGPT Image 2026年7月1日 22_44_34 (3).png,1782913475.5622108,1731500
rabbit,4,assets\monsters\rabbit\ChatGPT Image 2026年7月1日 22_44_34 (4).png,ChatGPT Image 2026年7月1日 22_44_34 (4).png,1782913475.6368885,1773879
rabbit,5,assets\monsters\rabbit\ChatGPT Image 2026年7月1日 22_44_35 (5).png,ChatGPT Image 2026年7月1日 22_44_35 (5).png,1782913476.0451863,1690435
rabbit,6,assets\monsters\rabbit\ChatGPT Image 2026年7月1日 22_44_35 (6).png,ChatGPT Image 2026年7月1日 22_44_35 (6).png,1782913476.582232,1760735
rabbit,7,assets\monsters\rabbit\ChatGPT Image 2026年7月1日 22_45_07 (1).png,ChatGPT Image 2026年7月1日 22_45_07 (1).png,1782913508.4051368,1700759
rabbit,8,assets\monsters\rabbit\ChatGPT Image 2026年7月1日 22_45_07 (2).png,ChatGPT Image 2026年7月1日 22_45_07 (2).png,1782913509.1270735,1491108
rabbit,9,assets\monsters\rabbit\ChatGPT Image 2026年7月1日 22_45_08 (3).png,ChatGPT Image 2026年7月1日 22_45_08 (3).png,1782913510.4734552,1401453
rabbit,10,assets\monsters\rabbit\ChatGPT Image 2026年7月1日 22_45_10 (4).png,ChatGPT Image 2026年7月1日 22_45_10 (4).png,1782913510.8655605,1802141
rabbit,11,assets\monsters\rabbit\ChatGPT Image 2026年7月1日 22_45_10 (5).png,ChatGPT Image 2026年7月1日 22_45_10 (5).png,1782913511.1345031,1727591
rabbit,12,assets\monsters\rabbit\ChatGPT Image 2026年7月1日 22_45_10 (6).png,ChatGPT Image 2026年7月1日 22_45_10 (6).png,1782913511.3973,1765648
shark,1,assets\monsters\shark\ChatGPT Image 2026年7月1日 22_47_39 (1).png,ChatGPT Image 2026年7月1日 22_47_39 (1).png,1782913660.1313956,1629238
shark,2,assets\monsters\shark\ChatGPT Image 2026年7月1日 22_47_39 (2).png,ChatGPT Image 2026年7月1日 22_47_39 (2).png,1782913660.5173647,1637562
shark,3,assets\monsters\shark\ChatGPT Image 2026年7月1日 22_47_39 (3).png,ChatGPT Image 2026年7月1日 22_47_39 (3).png,1782913660.6301115,1738147
shark,4,assets\monsters\shark\ChatGPT Image 2026年7月1日 22_47_39 (4).png,ChatGPT Image 2026年7月1日 22_47_39 (4).png,1782913660.7202823,1856621
shark,5,assets\monsters\shark\ChatGPT Image 2026年7月1日 22_47_39 (5).png,ChatGPT Image 2026年7月1日 22_47_39 (5).png,1782913660.7518113,1389956
shark,6,assets\monsters\shark\ChatGPT Image 2026年7月1日 22_47_39 (6).png,ChatGPT Image 2026年7月1日 22_47_39 (6).png,1782913660.8061984,1627868
shark,7,assets\monsters\shark\ChatGPT Image 2026年7月1日 22_47_56 (1).png,ChatGPT Image 2026年7月1日 22_47_56 (1).png,1782913676.5835245,1582889
shark,8,assets\monsters\shark\ChatGPT Image 2026年7月1日 22_47_56 (2).png,ChatGPT Image 2026年7月1日 22_47_56 (2).png,1782913676.903484,1640586
shark,9,assets\monsters\shark\ChatGPT Image 2026年7月1日 22_47_56 (3).png,ChatGPT Image 2026年7月1日 22_47_56 (3).png,1782913677.0304718,1362954
shark,10,assets\monsters\shark\ChatGPT Image 2026年7月1日 22_47_57 (5).png,ChatGPT Image 2026年7月1日 22_47_57 (5).png,1782913677.5578885,1784374
shark,11,assets\monsters\shark\ChatGPT Image 2026年7月1日 22_47_56 (4).png,ChatGPT Image 2026年7月1日 22_47_56 (4).png,1782913677.572087,1577858
shark,12,assets\monsters\shark\ChatGPT Image 2026年7月1日 22_47_57 (6).png,ChatGPT Image 2026年7月1日 22_47_57 (6).png,1782913677.8122563,1731708
snake,1,assets\monsters\snake\ChatGPT Image 2026年7月1日 22_48_23 (1).png,ChatGPT Image 2026年7月1日 22_48_23 (1).png,1782913704.0688202,1680798
snake,2,assets\monsters\snake\ChatGPT Image 2026年7月1日 22_48_23 (2).png,ChatGPT Image 2026年7月1日 22_48_23 (2).png,1782913704.3691547,1774283
snake,3,assets\monsters\snake\ChatGPT Image 2026年7月1日 22_48_24 (3).png,ChatGPT Image 2026年7月1日 22_48_24 (3).png,1782913704.5851948,1730222
snake,4,assets\monsters\snake\ChatGPT Image 2026年7月1日 22_48_24 (4).png,ChatGPT Image 2026年7月1日 22_48_24 (4).png,1782913704.861383,1706549
snake,5,assets\monsters\snake\ChatGPT Image 2026年7月1日 22_48_24 (5).png,ChatGPT Image 2026年7月1日 22_48_24 (5).png,1782913705.1601646,1636352
snake,6,assets\monsters\snake\ChatGPT Image 2026年7月1日 22_48_24 (6).png,ChatGPT Image 2026年7月1日 22_48_24 (6).png,1782913705.4717581,1939659
snake,7,assets\monsters\snake\ChatGPT Image 2026年7月1日 22_48_36 (1).png,ChatGPT Image 2026年7月1日 22_48_36 (1).png,1782913716.6252522,1698623
snake,8,assets\monsters\snake\ChatGPT Image 2026年7月1日 22_48_36 (2).png,ChatGPT Image 2026年7月1日 22_48_36 (2).png,1782913716.8243778,1723812
snake,9,assets\monsters\snake\ChatGPT Image 2026年7月1日 22_48_36 (3).png,ChatGPT Image 2026年7月1日 22_48_36 (3).png,1782913716.998829,1447894
snake,10,assets\monsters\snake\ChatGPT Image 2026年7月1日 22_48_36 (4).png,ChatGPT Image 2026年7月1日 22_48_36 (4).png,1782913717.1851828,1714168
snake,11,assets\monsters\snake\ChatGPT Image 2026年7月1日 22_48_36 (5).png,ChatGPT Image 2026年7月1日 22_48_36 (5).png,1782913717.4025564,1772252
snake,12,assets\monsters\snake\ChatGPT Image 2026年7月1日 22_48_37 (6).png,ChatGPT Image 2026年7月1日 22_48_37 (6).png,1782913717.4992373,1852180
sparrow,1,assets\monsters\sparrow\ChatGPT Image 2026年7月1日 22_49_50 (1).png,ChatGPT Image 2026年7月1日 22_49_50 (1).png,1782913791.0930922,1555660
sparrow,2,assets\monsters\sparrow\ChatGPT Image 2026年7月1日 22_49_50 (2).png,ChatGPT Image 2026年7月1日 22_49_50 (2).png,1782913791.8264818,1461855
sparrow,3,assets\monsters\sparrow\ChatGPT Image 2026年7月1日 22_49_51 (3).png,ChatGPT Image 2026年7月1日 22_49_51 (3).png,1782913792.6639912,1457396
sparrow,4,assets\monsters\sparrow\ChatGPT Image 2026年7月1日 22_49_52 (4).png,ChatGPT Image 2026年7月1日 22_49_52 (4).png,1782913793.3779328,1451329
sparrow,5,assets\monsters\sparrow\ChatGPT Image 2026年7月1日 22_49_53 (5).png,ChatGPT Image 2026年7月1日 22_49_53 (5).png,1782913794.0937903,1502551
sparrow,6,assets\monsters\sparrow\ChatGPT Image 2026年7月1日 22_49_53 (6).png,ChatGPT Image 2026年7月1日 22_49_53 (6).png,1782913794.7706535,1466233
sparrow,7,assets\monsters\sparrow\ChatGPT Image 2026年7月1日 22_52_35 (1).png,ChatGPT Image 2026年7月1日 22_52_35 (1).png,1782913955.9938202,1613398
sparrow,8,assets\monsters\sparrow\ChatGPT Image 2026年7月1日 22_52_35 (2).png,ChatGPT Image 2026年7月1日 22_52_35 (2).png,1782913956.1341734,1569702
sparrow,9,assets\monsters\sparrow\ChatGPT Image 2026年7月1日 22_52_35 (3).png,ChatGPT Image 2026年7月1日 22_52_35 (3).png,1782913956.1925087,1351069
sparrow,10,assets\monsters\sparrow\ChatGPT Image 2026年7月1日 22_52_35 (4).png,ChatGPT Image 2026年7月1日 22_52_35 (4).png,1782913956.4389758,1500626
sparrow,11,assets\monsters\sparrow\ChatGPT Image 2026年7月1日 22_52_36 (5).png,ChatGPT Image 2026年7月1日 22_52_36 (5).png,1782913956.6296687,1649576
sparrow,12,assets\monsters\sparrow\ChatGPT Image 2026年7月1日 22_52_36 (6).png,ChatGPT Image 2026年7月1日 22_52_36 (6).png,1782913956.7845578,1703448
squirrel,1,assets\monsters\squirrel\ChatGPT Image 2026年7月1日 22_59_18 (2).png,ChatGPT Image 2026年7月1日 22_59_18 (2).png,1782914359.121882,1677128
squirrel,2,assets\monsters\squirrel\ChatGPT Image 2026年7月1日 22_59_18 (1).png,ChatGPT Image 2026年7月1日 22_59_18 (1).png,1782914359.1302314,1620361
squirrel,3,assets\monsters\squirrel\ChatGPT Image 2026年7月1日 22_59_18 (3).png,ChatGPT Image 2026年7月1日 22_59_18 (3).png,1782914359.2912493,1345510
squirrel,4,assets\monsters\squirrel\ChatGPT Image 2026年7月1日 22_59_19 (4).png,ChatGPT Image 2026年7月1日 22_59_19 (4).png,1782914359.4848876,1637049
squirrel,5,assets\monsters\squirrel\ChatGPT Image 2026年7月1日 22_59_19 (5).png,ChatGPT Image 2026年7月1日 22_59_19 (5).png,1782914359.617477,1867847
squirrel,6,assets\monsters\squirrel\ChatGPT Image 2026年7月1日 22_59_19 (6).png,ChatGPT Image 2026年7月1日 22_59_19 (6).png,1782914360.1506019,1844411
squirrel,7,assets\monsters\squirrel\ChatGPT Image 2026年7月1日 22_59_38 (1).png,ChatGPT Image 2026年7月1日 22_59_38 (1).png,1782914379.2480223,1650555
squirrel,8,assets\monsters\squirrel\ChatGPT Image 2026年7月1日 22_59_38 (2).png,ChatGPT Image 2026年7月1日 22_59_38 (2).png,1782914379.6904693,1605937
squirrel,9,assets\monsters\squirrel\ChatGPT Image 2026年7月1日 22_59_39 (3).png,ChatGPT Image 2026年7月1日 22_59_39 (3).png,1782914379.9034283,1475584
squirrel,10,assets\monsters\squirrel\ChatGPT Image 2026年7月1日 22_59_39 (4).png,ChatGPT Image 2026年7月1日 22_59_39 (4).png,1782914380.0808778,1559167
squirrel,11,assets\monsters\squirrel\ChatGPT Image 2026年7月1日 22_59_39 (5).png,ChatGPT Image 2026年7月1日 22_59_39 (5).png,1782914380.2507458,1780199
squirrel,12,assets\monsters\squirrel\ChatGPT Image 2026年7月1日 22_59_39 (6).png,ChatGPT Image 2026年7月1日 22_59_39 (6).png,1782914380.313025,1714069
stag_beetle,1,assets\monsters\stag_beetle\ChatGPT Image 2026年7月1日 23_06_12 (1).png,ChatGPT Image 2026年7月1日 23_06_12 (1).png,1782914772.6635325,1793741
stag_beetle,2,assets\monsters\stag_beetle\ChatGPT Image 2026年7月1日 23_06_12 (2).png,ChatGPT Image 2026年7月1日 23_06_12 (2).png,1782914772.8833194,1658447
stag_beetle,3,assets\monsters\stag_beetle\ChatGPT Image 2026年7月1日 23_06_12 (3).png,ChatGPT Image 2026年7月1日 23_06_12 (3).png,1782914773.0208683,1615386
stag_beetle,4,assets\monsters\stag_beetle\ChatGPT Image 2026年7月1日 23_06_12 (4).png,ChatGPT Image 2026年7月1日 23_06_12 (4).png,1782914773.2857919,1741540
stag_beetle,5,assets\monsters\stag_beetle\ChatGPT Image 2026年7月1日 23_06_12 (5).png,ChatGPT Image 2026年7月1日 23_06_12 (5).png,1782914773.4003806,1735087
stag_beetle,6,assets\monsters\stag_beetle\ChatGPT Image 2026年7月1日 23_06_13 (6).png,ChatGPT Image 2026年7月1日 23_06_13 (6).png,1782914773.5139642,1809709
stag_beetle,7,assets\monsters\stag_beetle\ChatGPT Image 2026年7月1日 23_06_28 (1).png,ChatGPT Image 2026年7月1日 23_06_28 (1).png,1782914788.3549235,1830116
stag_beetle,8,assets\monsters\stag_beetle\ChatGPT Image 2026年7月1日 23_06_28 (2).png,ChatGPT Image 2026年7月1日 23_06_28 (2).png,1782914789.0206907,1698437
stag_beetle,9,assets\monsters\stag_beetle\ChatGPT Image 2026年7月1日 23_06_28 (3).png,ChatGPT Image 2026年7月1日 23_06_28 (3).png,1782914789.1532712,1634200
stag_beetle,10,assets\monsters\stag_beetle\ChatGPT Image 2026年7月1日 23_06_28 (4).png,ChatGPT Image 2026年7月1日 23_06_28 (4).png,1782914789.2860124,1834667
stag_beetle,11,assets\monsters\stag_beetle\ChatGPT Image 2026年7月1日 23_06_29 (5).png,ChatGPT Image 2026年7月1日 23_06_29 (5).png,1782914792.3308244,1744590
stag_beetle,12,assets\monsters\stag_beetle\ChatGPT Image 2026年7月1日 23_06_32 (6).png,ChatGPT Image 2026年7月1日 23_06_32 (6).png,1782914792.5257094,1836487
tanuki,1,assets\monsters\tanuki\ChatGPT Image 2026年7月1日 23_09_54 (1).png,ChatGPT Image 2026年7月1日 23_09_54 (1).png,1782914997.180322,1696549
tanuki,2,assets\monsters\tanuki\ChatGPT Image 2026年7月1日 23_09_56 (2).png,ChatGPT Image 2026年7月1日 23_09_56 (2).png,1782914997.912698,1762117
tanuki,3,assets\monsters\tanuki\ChatGPT Image 2026年7月1日 23_09_57 (3).png,ChatGPT Image 2026年7月1日 23_09_57 (3).png,1782914998.5325072,1566225
tanuki,4,assets\monsters\tanuki\ChatGPT Image 2026年7月1日 23_09_58 (4).png,ChatGPT Image 2026年7月1日 23_09_58 (4).png,1782914999.2263007,1611400
tanuki,5,assets\monsters\tanuki\ChatGPT Image 2026年7月1日 23_09_58 (5).png,ChatGPT Image 2026年7月1日 23_09_58 (5).png,1782914999.9548345,1662816
tanuki,6,assets\monsters\tanuki\ChatGPT Image 2026年7月1日 23_09_59 (6).png,ChatGPT Image 2026年7月1日 23_09_59 (6).png,1782915000.6584651,1744448
tanuki,7,assets\monsters\tanuki\ChatGPT Image 2026年7月1日 23_12_46 (1).png,ChatGPT Image 2026年7月1日 23_12_46 (1).png,1782915166.9163399,1581905
tanuki,8,assets\monsters\tanuki\ChatGPT Image 2026年7月1日 23_12_46 (2).png,ChatGPT Image 2026年7月1日 23_12_46 (2).png,1782915167.078051,1625559
tanuki,9,assets\monsters\tanuki\ChatGPT Image 2026年7月1日 23_12_46 (3).png,ChatGPT Image 2026年7月1日 23_12_46 (3).png,1782915167.197587,1498632
tanuki,10,assets\monsters\tanuki\ChatGPT Image 2026年7月1日 23_12_46 (4).png,ChatGPT Image 2026年7月1日 23_12_46 (4).png,1782915167.348106,1653367
tanuki,11,assets\monsters\tanuki\ChatGPT Image 2026年7月1日 23_12_47 (5).png,ChatGPT Image 2026年7月1日 23_12_47 (5).png,1782915167.4798038,1716745
tanuki,12,assets\monsters\tanuki\ChatGPT Image 2026年7月1日 23_12_47 (6).png,ChatGPT Image 2026年7月1日 23_12_47 (6).png,1782915167.6325753,1871325
turtle,1,assets\monsters\turtle\ChatGPT Image 2026年7月1日 23_18_13 (1).png,ChatGPT Image 2026年7月1日 23_18_13 (1).png,1782915495.269442,1794462
turtle,2,assets\monsters\turtle\ChatGPT Image 2026年7月1日 23_18_14 (2).png,ChatGPT Image 2026年7月1日 23_18_14 (2).png,1782915496.0549228,1826794
turtle,3,assets\monsters\turtle\ChatGPT Image 2026年7月1日 23_18_15 (3).png,ChatGPT Image 2026年7月1日 23_18_15 (3).png,1782915498.6825619,1708417
turtle,4,assets\monsters\turtle\ChatGPT Image 2026年7月1日 23_18_18 (4).png,ChatGPT Image 2026年7月1日 23_18_18 (4).png,1782915499.5569718,1767574
turtle,5,assets\monsters\turtle\ChatGPT Image 2026年7月1日 23_18_19 (5).png,ChatGPT Image 2026年7月1日 23_18_19 (5).png,1782915500.2839181,1676186
turtle,6,assets\monsters\turtle\ChatGPT Image 2026年7月1日 23_18_20 (6).png,ChatGPT Image 2026年7月1日 23_18_20 (6).png,1782915500.916499,1745811
turtle,7,assets\monsters\turtle\ChatGPT Image 2026年7月1日 23_21_29 (1).png,ChatGPT Image 2026年7月1日 23_21_29 (1).png,1782915689.8476279,1821946
turtle,8,assets\monsters\turtle\ChatGPT Image 2026年7月1日 23_21_29 (2).png,ChatGPT Image 2026年7月1日 23_21_29 (2).png,1782915690.0003242,1737280
turtle,9,assets\monsters\turtle\ChatGPT Image 2026年7月1日 23_21_29 (3).png,ChatGPT Image 2026年7月1日 23_21_29 (3).png,1782915690.1462834,1627185
turtle,10,assets\monsters\turtle\ChatGPT Image 2026年7月1日 23_21_29 (4).png,ChatGPT Image 2026年7月1日 23_21_29 (4).png,1782915691.1114993,1942336
turtle,11,assets\monsters\turtle\ChatGPT Image 2026年7月1日 23_21_30 (5).png,ChatGPT Image 2026年7月1日 23_21_30 (5).png,1782915691.2775445,2052605
whale,1,assets\monsters\whale\ChatGPT Image 2026年7月1日 23_34_47 (1).png,ChatGPT Image 2026年7月1日 23_34_47 (1).png,1782916503.100871,1463233
whale,2,assets\monsters\whale\ChatGPT Image 2026年7月1日 23_35_02 (2).png,ChatGPT Image 2026年7月1日 23_35_02 (2).png,1782916503.3527288,1546868
whale,3,assets\monsters\whale\ChatGPT Image 2026年7月1日 23_35_03 (3).png,ChatGPT Image 2026年7月1日 23_35_03 (3).png,1782916503.5594022,1466034
whale,4,assets\monsters\whale\ChatGPT Image 2026年7月1日 23_35_03 (4).png,ChatGPT Image 2026年7月1日 23_35_03 (4).png,1782916504.0308282,1511499
whale,5,assets\monsters\whale\ChatGPT Image 2026年7月1日 23_35_03 (5).png,ChatGPT Image 2026年7月1日 23_35_03 (5).png,1782916504.3304262,1405598
whale,6,assets\monsters\whale\ChatGPT Image 2026年7月1日 23_35_03 (6).png,ChatGPT Image 2026年7月1日 23_35_03 (6).png,1782916504.424251,1420183
whale,7,assets\monsters\whale\ChatGPT Image 2026年7月1日 23_35_20 (1).png,ChatGPT Image 2026年7月1日 23_35_20 (1).png,1782916521.6502397,1448639
whale,8,assets\monsters\whale\ChatGPT Image 2026年7月1日 23_35_21 (2).png,ChatGPT Image 2026年7月1日 23_35_21 (2).png,1782916521.8393996,1452530
whale,9,assets\monsters\whale\ChatGPT Image 2026年7月1日 23_35_21 (3).png,ChatGPT Image 2026年7月1日 23_35_21 (3).png,1782916521.893906,1299938
whale,10,assets\monsters\whale\ChatGPT Image 2026年7月1日 23_35_21 (4).png,ChatGPT Image 2026年7月1日 23_35_21 (4).png,1782916522.169161,1467168
whale,11,assets\monsters\whale\ChatGPT Image 2026年7月1日 23_35_21 (5).png,ChatGPT Image 2026年7月1日 23_35_21 (5).png,1782916522.3652952,1512833
whale,12,assets\monsters\whale\ChatGPT Image 2026年7月1日 23_35_21 (6).png,ChatGPT Image 2026年7月1日 23_35_21 (6).png,1782916522.5298276,1722191
