species,index,variant,source_name,target_name,source,target
bear,1,asatsuyu,bear_01.png,bear_asatsuyu.png,C:\Users\user\work\git\ScanMonster\assets\monsters\bear\bear_01.png,C:\Users\user\work\git\ScanMonster\assets\monsters\bear\bear_asatsuyu.png
bear,2,youkou,bear_02.png,bear_youkou.png,C:\Users\user\work\git\ScanMonster\assets\monsters\bear\bear_02.png,C:\Users\user\work\git\ScanMonster\assets\monsters\bear\bear_youkou.png
bear,3,tasogare,bear_03.png,bear_tasogare.png,C:\Users\user\work\git\ScanMonster\assets\monsters\bear\bear_03.png,C:\Users\user\work\git\ScanMonster\assets\monsters\bear\bear_tasogare.png
bear,4,tsukikage,bear_04.png,bear_tsukikage.png,C:\Users\user\work\git\ScanMonster\assets\monsters\bear\bear_04.png,C:\Users\user\work\git\ScanMonster\assets\monsters\bear\bear_tsukikage.png
bear,5,harukaze,bear_05.png,bear_harukaze.png,C:\Users\user\work\git\ScanMonster\assets\monsters\bear\bear_05.png,C:\Users\user\work\git\ScanMonster\assets\monsters\bear\bear_harukaze.png
bear,6,natsuhikari,bear_06.png,bear_natsuhikari.png,C:\Users\user\work\git\ScanMonster\assets\monsters\bear\bear_06.png,C:\Users\user\work\git\ScanMonster\assets\monsters\bear\bear_natsuhikari.png
bear,7,momiji,bear_07.png,bear_momiji.png,C:\Users\user\work\git\ScanMonster\assets\monsters\bear\bear_07.png,C:\Users\user\work\git\ScanMonster\assets\monsters\bear\bear_momiji.png
bear,8,yukitomoshi,bear_08.png,bear_yukitomoshi.png,C:\Users\user\work\git\ScanMonster\assets\monsters\bear\bear_08.png,C:\Users\user\work\git\ScanMonster\assets\monsters\bear\bear_yukitomoshi.png
bear,9,common,bear_09.png,bear_common.png,C:\Users\user\work\git\ScanMonster\assets\monsters\bear\bear_09.png,C:\Users\user\work\git\ScanMonster\assets\monsters\bear\bear_common.png
bear,10,uncommon,bear_10.png,bear_uncommon.png,C:\Users\user\work\git\ScanMonster\assets\monsters\bear\bear_10.png,C:\Users\user\work\git\ScanMonster\assets\monsters\bear\bear_uncommon.png
bear,11,rare,bear_11.png,bear_rare.png,C:\Users\user\work\git\ScanMonster\assets\monsters\bear\bear_11.png,C:\Users\user\work\git\ScanMonster\assets\monsters\bear\bear_rare.png
bear,12,legend,bear_12.png,bear_legend.png,C:\Users\user\work\git\ScanMonster\assets\monsters\bear\bear_12.png,C:\Users\user\work\git\ScanMonster\assets\monsters\bear\bear_legend.png
beetle,1,asatsuyu,beetle_01.png,beetle_asatsuyu.png,C:\Users\user\work\git\ScanMonster\assets\monsters\beetle\beetle_01.png,C:\Users\user\work\git\ScanMonster\assets\monsters\beetle\beetle_asatsuyu.png
beetle,2,youkou,beetle_02.png,beetle_youkou.png,C:\Users\user\work\git\ScanMonster\assets\monsters\beetle\beetle_02.png,C:\Users\user\work\git\ScanMonster\assets\monsters\beetle\beetle_youkou.png
beetle,3,tasogare,beetle_03.png,beetle_tasogare.png,C:\Users\user\work\git\ScanMonster\assets\monsters\beetle\beetle_03.png,C:\Users\user\work\git\ScanMonster\assets\monsters\beetle\beetle_tasogare.png
beetle,4,tsukikage,beetle_04.png,beetle_tsukikage.png,C:\Users\user\work\git\ScanMonster\assets\monsters\beetle\beetle_04.png,C:\Users\user\work\git\ScanMonster\assets\monsters\beetle\beetle_tsukikage.png
beetle,5,harukaze,beetle_05.png,beetle_harukaze.png,C:\Users\user\work\git\ScanMonster\assets\monsters\beetle\beetle_05.png,C:\Users\user\work\git\ScanMonster\assets\monsters\beetle\beetle_harukaze.png
beetle,6,natsuhikari,beetle_06.png,beetle_natsuhikari.png,C:\Users\user\work\git\ScanMonster\assets\monsters\beetle\beetle_06.png,C:\Users\user\work\git\ScanMonster\assets\monsters\beetle\beetle_natsuhikari.png
beetle,7,momiji,beetle_07.png,beetle_momiji.png,C:\Users\user\work\git\ScanMonster\assets\monsters\beetle\beetle_07.png,C:\Users\user\work\git\ScanMonster\assets\monsters\beetle\beetle_momiji.png
beetle,8,yukitomoshi,beetle_08.png,beetle_yukitomoshi.png,C:\Users\user\work\git\ScanMonster\assets\monsters\beetle\beetle_08.png,C:\Users\user\work\git\ScanMonster\assets\monsters\beetle\beetle_yukitomoshi.png
beetle,9,common,beetle_09.png,beetle_common.png,C:\Users\user\work\git\ScanMonster\assets\monsters\beetle\beetle_09.png,C:\Users\user\work\git\ScanMonster\assets\monsters\beetle\beetle_common.png
beetle,10,uncommon,beetle_10.png,beetle_uncommon.png,C:\Users\user\work\git\ScanMonster\assets\monsters\beetle\beetle_10.png,C:\Users\user\work\git\ScanMonster\assets\monsters\beetle\beetle_uncommon.png
beetle,11,rare,beetle_11.png,beetle_rare.png,C:\Users\user\work\git\ScanMonster\assets\monsters\beetle\beetle_11.png,C:\Users\user\work\git\ScanMonster\assets\monsters\beetle\beetle_rare.png
beetle,12,legend,beetle_12.png,beetle_legend.png,C:\Users\user\work\git\ScanMonster\assets\monsters\beetle\beetle_12.png,C:\Users\user\work\git\ScanMonster\assets\monsters\beetle\beetle_legend.png
cat,1,asatsuyu,cat_01.png,cat_asatsuyu.png,C:\Users\user\work\git\ScanMonster\assets\monsters\cat\cat_01.png,C:\Users\user\work\git\ScanMonster\assets\monsters\cat\cat_asatsuyu.png
cat,2,youkou,cat_02.png,cat_youkou.png,C:\Users\user\work\git\ScanMonster\assets\monsters\cat\cat_02.png,C:\Users\user\work\git\ScanMonster\assets\monsters\cat\cat_youkou.png
cat,3,tasogare,cat_03.png,cat_tasogare.png,C:\Users\user\work\git\ScanMonster\assets\monsters\cat\cat_03.png,C:\Users\user\work\git\ScanMonster\assets\monsters\cat\cat_tasogare.png
cat,4,tsukikage,cat_04.png,cat_tsukikage.png,C:\Users\user\work\git\ScanMonster\assets\monsters\cat\cat_04.png,C:\Users\user\work\git\ScanMonster\assets\monsters\cat\cat_tsukikage.png
cat,5,harukaze,cat_05.png,cat_harukaze.png,C:\Users\user\work\git\ScanMonster\assets\monsters\cat\cat_05.png,C:\Users\user\work\git\ScanMonster\assets\monsters\cat\cat_harukaze.png
cat,6,natsuhikari,cat_06.png,cat_natsuhikari.png,C:\Users\user\work\git\ScanMonster\assets\monsters\cat\cat_06.png,C:\Users\user\work\git\ScanMonster\assets\monsters\cat\cat_natsuhikari.png
cat,7,momiji,cat_07.png,cat_momiji.png,C:\Users\user\work\git\ScanMonster\assets\monsters\cat\cat_07.png,C:\Users\user\work\git\ScanMonster\assets\monsters\cat\cat_momiji.png
cat,8,yukitomoshi,cat_08.png,cat_yukitomoshi.png,C:\Users\user\work\git\ScanMonster\assets\monsters\cat\cat_08.png,C:\Users\user\work\git\ScanMonster\assets\monsters\cat\cat_yukitomoshi.png
cat,9,common,cat_09.png,cat_common.png,C:\Users\user\work\git\ScanMonster\assets\monsters\cat\cat_09.png,C:\Users\user\work\git\ScanMonster\assets\monsters\cat\cat_common.png
cat,10,uncommon,cat_10.png,cat_uncommon.png,C:\Users\user\work\git\ScanMonster\assets\monsters\cat\cat_10.png,C:\Users\user\work\git\ScanMonster\assets\monsters\cat\cat_uncommon.png
cat,11,rare,cat_11.png,cat_rare.png,C:\Users\user\work\git\ScanMonster\assets\monsters\cat\cat_11.png,C:\Users\user\work\git\ScanMonster\assets\monsters\cat\cat_rare.png
cat,12,legend,cat_12.png,cat_legend.png,C:\Users\user\work\git\ScanMonster\assets\monsters\cat\cat_12.png,C:\Users\user\work\git\ScanMonster\assets\monsters\cat\cat_legend.png
crocodile,1,asatsuyu,crocodile_01.png,crocodile_asatsuyu.png,C:\Users\user\work\git\ScanMonster\assets\monsters\crocodile\crocodile_01.png,C:\Users\user\work\git\ScanMonster\assets\monsters\crocodile\crocodile_asatsuyu.png
crocodile,2,youkou,crocodile_02.png,crocodile_youkou.png,C:\Users\user\work\git\ScanMonster\assets\monsters\crocodile\crocodile_02.png,C:\Users\user\work\git\ScanMonster\assets\monsters\crocodile\crocodile_youkou.png
crocodile,3,tasogare,crocodile_03.png,crocodile_tasogare.png,C:\Users\user\work\git\ScanMonster\assets\monsters\crocodile\crocodile_03.png,C:\Users\user\work\git\ScanMonster\assets\monsters\crocodile\crocodile_tasogare.png
crocodile,4,tsukikage,crocodile_04.png,crocodile_tsukikage.png,C:\Users\user\work\git\ScanMonster\assets\monsters\crocodile\crocodile_04.png,C:\Users\user\work\git\ScanMonster\assets\monsters\crocodile\crocodile_tsukikage.png
crocodile,5,harukaze,crocodile_05.png,crocodile_harukaze.png,C:\Users\user\work\git\ScanMonster\assets\monsters\crocodile\crocodile_05.png,C:\Users\user\work\git\ScanMonster\assets\monsters\crocodile\crocodile_harukaze.png
crocodile,6,natsuhikari,crocodile_06.png,crocodile_natsuhikari.png,C:\Users\user\work\git\ScanMonster\assets\monsters\crocodile\crocodile_06.png,C:\Users\user\work\git\ScanMonster\assets\monsters\crocodile\crocodile_natsuhikari.png
crocodile,7,momiji,crocodile_07.png,crocodile_momiji.png,C:\Users\user\work\git\ScanMonster\assets\monsters\crocodile\crocodile_07.png,C:\Users\user\work\git\ScanMonster\assets\monsters\crocodile\crocodile_momiji.png
crocodile,8,yukitomoshi,crocodile_08.png,crocodile_yukitomoshi.png,C:\Users\user\work\git\ScanMonster\assets\monsters\crocodile\crocodile_08.png,C:\Users\user\work\git\ScanMonster\assets\monsters\crocodile\crocodile_yukitomoshi.png
crocodile,9,common,crocodile_09.png,crocodile_common.png,C:\Users\user\work\git\ScanMonster\assets\monsters\crocodile\crocodile_09.png,C:\Users\user\work\git\ScanMonster\assets\monsters\crocodile\crocodile_common.png
crocodile,10,uncommon,crocodile_10.png,crocodile_uncommon.png,C:\Users\user\work\git\ScanMonster\assets\monsters\crocodile\crocodile_10.png,C:\Users\user\work\git\ScanMonster\assets\monsters\crocodile\crocodile_uncommon.png
crocodile,11,rare,crocodile_11.png,crocodile_rare.png,C:\Users\user\work\git\ScanMonster\assets\monsters\crocodile\crocodile_11.png,C:\Users\user\work\git\ScanMonster\assets\monsters\crocodile\crocodile_rare.png
crocodile,12,legend,crocodile_12.png,crocodile_legend.png,C:\Users\user\work\git\ScanMonster\assets\monsters\crocodile\crocodile_12.png,C:\Users\user\work\git\ScanMonster\assets\monsters\crocodile\crocodile_legend.png
crow,1,tsukikage,crow_01.png,crow_tsukikage.png,C:\Users\user\work\git\ScanMonster\assets\monsters\crow\crow_01.png,C:\Users\user\work\git\ScanMonster\assets\monsters\crow\crow_tsukikage.png
crow,2,tasogare,crow_02.png,crow_tasogare.png,C:\Users\user\work\git\ScanMonster\assets\monsters\crow\crow_02.png,C:\Users\user\work\git\ScanMonster\assets\monsters\crow\crow_tasogare.png
crow,3,yukitomoshi,crow_03.png,crow_yukitomoshi.png,C:\Users\user\work\git\ScanMonster\assets\monsters\crow\crow_03.png,C:\Users\user\work\git\ScanMonster\assets\monsters\crow\crow_yukitomoshi.png
crow,4,asatsuyu,crow_04.png,crow_asatsuyu.png,C:\Users\user\work\git\ScanMonster\assets\monsters\crow\crow_04.png,C:\Users\user\work\git\ScanMonster\assets\monsters\crow\crow_asatsuyu.png
crow,5,natsuhikari,crow_05.png,crow_natsuhikari.png,C:\Users\user\work\git\ScanMonster\assets\monsters\crow\crow_05.png,C:\Users\user\work\git\ScanMonster\assets\monsters\crow\crow_natsuhikari.png
crow,6,momiji,crow_06.png,crow_momiji.png,C:\Users\user\work\git\ScanMonster\assets\monsters\crow\crow_06.png,C:\Users\user\work\git\ScanMonster\assets\monsters\crow\crow_momiji.png
crow,7,common,crow_07.png,crow_common.png,C:\Users\user\work\git\ScanMonster\assets\monsters\crow\crow_07.png,C:\Users\user\work\git\ScanMonster\assets\monsters\crow\crow_common.png
crow,8,uncommon,crow_08.png,crow_uncommon.png,C:\Users\user\work\git\ScanMonster\assets\monsters\crow\crow_08.png,C:\Users\user\work\git\ScanMonster\assets\monsters\crow\crow_uncommon.png
crow,9,rare,crow_09.png,crow_rare.png,C:\Users\user\work\git\ScanMonster\assets\monsters\crow\crow_09.png,C:\Users\user\work\git\ScanMonster\assets\monsters\crow\crow_rare.png
crow,10,youkou,crow_10.png,crow_youkou.png,C:\Users\user\work\git\ScanMonster\assets\monsters\crow\crow_10.png,C:\Users\user\work\git\ScanMonster\assets\monsters\crow\crow_youkou.png
crow,11,harukaze,crow_11.png,crow_harukaze.png,C:\Users\user\work\git\ScanMonster\assets\monsters\crow\crow_11.png,C:\Users\user\work\git\ScanMonster\assets\monsters\crow\crow_harukaze.png
deer,1,asatsuyu,deer_01.png,deer_asatsuyu.png,C:\Users\user\work\git\ScanMonster\assets\monsters\deer\deer_01.png,C:\Users\user\work\git\ScanMonster\assets\monsters\deer\deer_asatsuyu.png
deer,2,youkou,deer_02.png,deer_youkou.png,C:\Users\user\work\git\ScanMonster\assets\monsters\deer\deer_02.png,C:\Users\user\work\git\ScanMonster\assets\monsters\deer\deer_youkou.png
deer,3,tasogare,deer_03.png,deer_tasogare.png,C:\Users\user\work\git\ScanMonster\assets\monsters\deer\deer_03.png,C:\Users\user\work\git\ScanMonster\assets\monsters\deer\deer_tasogare.png
deer,4,tsukikage,deer_04.png,deer_tsukikage.png,C:\Users\user\work\git\ScanMonster\assets\monsters\deer\deer_04.png,C:\Users\user\work\git\ScanMonster\assets\monsters\deer\deer_tsukikage.png
deer,5,harukaze,deer_05.png,deer_harukaze.png,C:\Users\user\work\git\ScanMonster\assets\monsters\deer\deer_05.png,C:\Users\user\work\git\ScanMonster\assets\monsters\deer\deer_harukaze.png
deer,6,natsuhikari,deer_06.png,deer_natsuhikari.png,C:\Users\user\work\git\ScanMonster\assets\monsters\deer\deer_06.png,C:\Users\user\work\git\ScanMonster\assets\monsters\deer\deer_natsuhikari.png
deer,7,momiji,deer_07.png,deer_momiji.png,C:\Users\user\work\git\ScanMonster\assets\monsters\deer\deer_07.png,C:\Users\user\work\git\ScanMonster\assets\monsters\deer\deer_momiji.png
deer,8,yukitomoshi,deer_08.png,deer_yukitomoshi.png,C:\Users\user\work\git\ScanMonster\assets\monsters\deer\deer_08.png,C:\Users\user\work\git\ScanMonster\assets\monsters\deer\deer_yukitomoshi.png
deer,9,common,deer_09.png,deer_common.png,C:\Users\user\work\git\ScanMonster\assets\monsters\deer\deer_09.png,C:\Users\user\work\git\ScanMonster\assets\monsters\deer\deer_common.png
deer,10,uncommon,deer_10.png,deer_uncommon.png,C:\Users\user\work\git\ScanMonster\assets\monsters\deer\deer_10.png,C:\Users\user\work\git\ScanMonster\assets\monsters\deer\deer_uncommon.png
deer,11,rare,deer_11.png,deer_rare.png,C:\Users\user\work\git\ScanMonster\assets\monsters\deer\deer_11.png,C:\Users\user\work\git\ScanMonster\assets\monsters\deer\deer_rare.png
deer,12,legend,deer_12.png,deer_legend.png,C:\Users\user\work\git\ScanMonster\assets\monsters\deer\deer_12.png,C:\Users\user\work\git\ScanMonster\assets\monsters\deer\deer_legend.png
dog,1,asatsuyu,dog_01.png,dog_asatsuyu.png,C:\Users\user\work\git\ScanMonster\assets\monsters\dog\dog_01.png,C:\Users\user\work\git\ScanMonster\assets\monsters\dog\dog_asatsuyu.png
dog,2,youkou,dog_02.png,dog_youkou.png,C:\Users\user\work\git\ScanMonster\assets\monsters\dog\dog_02.png,C:\Users\user\work\git\ScanMonster\assets\monsters\dog\dog_youkou.png
dog,3,tasogare,dog_03.png,dog_tasogare.png,C:\Users\user\work\git\ScanMonster\assets\monsters\dog\dog_03.png,C:\Users\user\work\git\ScanMonster\assets\monsters\dog\dog_tasogare.png
dog,4,tsukikage,dog_04.png,dog_tsukikage.png,C:\Users\user\work\git\ScanMonster\assets\monsters\dog\dog_04.png,C:\Users\user\work\git\ScanMonster\assets\monsters\dog\dog_tsukikage.png
dog,5,harukaze,dog_05.png,dog_harukaze.png,C:\Users\user\work\git\ScanMonster\assets\monsters\dog\dog_05.png,C:\Users\user\work\git\ScanMonster\assets\monsters\dog\dog_harukaze.png
dog,6,natsuhikari,dog_06.png,dog_natsuhikari.png,C:\Users\user\work\git\ScanMonster\assets\monsters\dog\dog_06.png,C:\Users\user\work\git\ScanMonster\assets\monsters\dog\dog_natsuhikari.png
dog,7,momiji,dog_07.png,dog_momiji.png,C:\Users\user\work\git\ScanMonster\assets\monsters\dog\dog_07.png,C:\Users\user\work\git\ScanMonster\assets\monsters\dog\dog_momiji.png
dog,8,yukitomoshi,dog_08.png,dog_yukitomoshi.png,C:\Users\user\work\git\ScanMonster\assets\monsters\dog\dog_08.png,C:\Users\user\work\git\ScanMonster\assets\monsters\dog\dog_yukitomoshi.png
dog,9,common,dog_09.png,dog_common.png,C:\Users\user\work\git\ScanMonster\assets\monsters\dog\dog_09.png,C:\Users\user\work\git\ScanMonster\assets\monsters\dog\dog_common.png
dog,10,uncommon,dog_10.png,dog_uncommon.png,C:\Users\user\work\git\ScanMonster\assets\monsters\dog\dog_10.png,C:\Users\user\work\git\ScanMonster\assets\monsters\dog\dog_uncommon.png
dog,11,rare,dog_11.png,dog_rare.png,C:\Users\user\work\git\ScanMonster\assets\monsters\dog\dog_11.png,C:\Users\user\work\git\ScanMonster\assets\monsters\dog\dog_rare.png
dog,12,legend,dog_12.png,dog_legend.png,C:\Users\user\work\git\ScanMonster\assets\monsters\dog\dog_12.png,C:\Users\user\work\git\ScanMonster\assets\monsters\dog\dog_legend.png
dolphin,1,asatsuyu,dolphin_01.png,dolphin_asatsuyu.png,C:\Users\user\work\git\ScanMonster\assets\monsters\dolphin\dolphin_01.png,C:\Users\user\work\git\ScanMonster\assets\monsters\dolphin\dolphin_asatsuyu.png
dolphin,2,youkou,dolphin_02.png,dolphin_youkou.png,C:\Users\user\work\git\ScanMonster\assets\monsters\dolphin\dolphin_02.png,C:\Users\user\work\git\ScanMonster\assets\monsters\dolphin\dolphin_youkou.png
dolphin,3,tasogare,dolphin_03.png,dolphin_tasogare.png,C:\Users\user\work\git\ScanMonster\assets\monsters\dolphin\dolphin_03.png,C:\Users\user\work\git\ScanMonster\assets\monsters\dolphin\dolphin_tasogare.png
dolphin,4,tsukikage,dolphin_04.png,dolphin_tsukikage.png,C:\Users\user\work\git\ScanMonster\assets\monsters\dolphin\dolphin_04.png,C:\Users\user\work\git\ScanMonster\assets\monsters\dolphin\dolphin_tsukikage.png
dolphin,5,harukaze,dolphin_05.png,dolphin_harukaze.png,C:\Users\user\work\git\ScanMonster\assets\monsters\dolphin\dolphin_05.png,C:\Users\user\work\git\ScanMonster\assets\monsters\dolphin\dolphin_harukaze.png
dolphin,6,natsuhikari,dolphin_06.png,dolphin_natsuhikari.png,C:\Users\user\work\git\ScanMonster\assets\monsters\dolphin\dolphin_06.png,C:\Users\user\work\git\ScanMonster\assets\monsters\dolphin\dolphin_natsuhikari.png
dolphin,7,momiji,dolphin_07.png,dolphin_momiji.png,C:\Users\user\work\git\ScanMonster\assets\monsters\dolphin\dolphin_07.png,C:\Users\user\work\git\ScanMonster\assets\monsters\dolphin\dolphin_momiji.png
dolphin,8,yukitomoshi,dolphin_08.png,dolphin_yukitomoshi.png,C:\Users\user\work\git\ScanMonster\assets\monsters\dolphin\dolphin_08.png,C:\Users\user\work\git\ScanMonster\assets\monsters\dolphin\dolphin_yukitomoshi.png
dolphin,9,common,dolphin_09.png,dolphin_common.png,C:\Users\user\work\git\ScanMonster\assets\monsters\dolphin\dolphin_09.png,C:\Users\user\work\git\ScanMonster\assets\monsters\dolphin\dolphin_common.png
dolphin,10,uncommon,dolphin_10.png,dolphin_uncommon.png,C:\Users\user\work\git\ScanMonster\assets\monsters\dolphin\dolphin_10.png,C:\Users\user\work\git\ScanMonster\assets\monsters\dolphin\dolphin_uncommon.png
dolphin,11,rare,dolphin_11.png,dolphin_rare.png,C:\Users\user\work\git\ScanMonster\assets\monsters\dolphin\dolphin_11.png,C:\Users\user\work\git\ScanMonster\assets\monsters\dolphin\dolphin_rare.png
dolphin,12,legend,dolphin_12.png,dolphin_legend.png,C:\Users\user\work\git\ScanMonster\assets\monsters\dolphin\dolphin_12.png,C:\Users\user\work\git\ScanMonster\assets\monsters\dolphin\dolphin_legend.png
eagle,1,asatsuyu,eagle_01.png,eagle_asatsuyu.png,C:\Users\user\work\git\ScanMonster\assets\monsters\eagle\eagle_01.png,C:\Users\user\work\git\ScanMonster\assets\monsters\eagle\eagle_asatsuyu.png
eagle,2,youkou,eagle_02.png,eagle_youkou.png,C:\Users\user\work\git\ScanMonster\assets\monsters\eagle\eagle_02.png,C:\Users\user\work\git\ScanMonster\assets\monsters\eagle\eagle_youkou.png
eagle,3,tasogare,eagle_03.png,eagle_tasogare.png,C:\Users\user\work\git\ScanMonster\assets\monsters\eagle\eagle_03.png,C:\Users\user\work\git\ScanMonster\assets\monsters\eagle\eagle_tasogare.png
eagle,4,tsukikage,eagle_04.png,eagle_tsukikage.png,C:\Users\user\work\git\ScanMonster\assets\monsters\eagle\eagle_04.png,C:\Users\user\work\git\ScanMonster\assets\monsters\eagle\eagle_tsukikage.png
eagle,5,harukaze,eagle_05.png,eagle_harukaze.png,C:\Users\user\work\git\ScanMonster\assets\monsters\eagle\eagle_05.png,C:\Users\user\work\git\ScanMonster\assets\monsters\eagle\eagle_harukaze.png
eagle,6,natsuhikari,eagle_06.png,eagle_natsuhikari.png,C:\Users\user\work\git\ScanMonster\assets\monsters\eagle\eagle_06.png,C:\Users\user\work\git\ScanMonster\assets\monsters\eagle\eagle_natsuhikari.png
eagle,7,momiji,eagle_07.png,eagle_momiji.png,C:\Users\user\work\git\ScanMonster\assets\monsters\eagle\eagle_07.png,C:\Users\user\work\git\ScanMonster\assets\monsters\eagle\eagle_momiji.png
eagle,8,yukitomoshi,eagle_08.png,eagle_yukitomoshi.png,C:\Users\user\work\git\ScanMonster\assets\monsters\eagle\eagle_08.png,C:\Users\user\work\git\ScanMonster\assets\monsters\eagle\eagle_yukitomoshi.png
eagle,9,common,eagle_09.png,eagle_common.png,C:\Users\user\work\git\ScanMonster\assets\monsters\eagle\eagle_09.png,C:\Users\user\work\git\ScanMonster\assets\monsters\eagle\eagle_common.png
eagle,10,uncommon,eagle_10.png,eagle_uncommon.png,C:\Users\user\work\git\ScanMonster\assets\monsters\eagle\eagle_10.png,C:\Users\user\work\git\ScanMonster\assets\monsters\eagle\eagle_uncommon.png
eagle,11,rare,eagle_11.png,eagle_rare.png,C:\Users\user\work\git\ScanMonster\assets\monsters\eagle\eagle_11.png,C:\Users\user\work\git\ScanMonster\assets\monsters\eagle\eagle_rare.png
eagle,12,legend,eagle_12.png,eagle_legend.png,C:\Users\user\work\git\ScanMonster\assets\monsters\eagle\eagle_12.png,C:\Users\user\work\git\ScanMonster\assets\monsters\eagle\eagle_legend.png
elephant,1,momiji,elephant_01.png,elephant_momiji.png,C:\Users\user\work\git\ScanMonster\assets\monsters\elephant\elephant_01.png,C:\Users\user\work\git\ScanMonster\assets\monsters\elephant\elephant_momiji.png
elephant,2,harukaze,elephant_02.png,elephant_harukaze.png,C:\Users\user\work\git\ScanMonster\assets\monsters\elephant\elephant_02.png,C:\Users\user\work\git\ScanMonster\assets\monsters\elephant\elephant_harukaze.png
elephant,3,tsukikage,elephant_03.png,elephant_tsukikage.png,C:\Users\user\work\git\ScanMonster\assets\monsters\elephant\elephant_03.png,C:\Users\user\work\git\ScanMonster\assets\monsters\elephant\elephant_tsukikage.png
elephant,4,uncommon,elephant_04.png,elephant_uncommon.png,C:\Users\user\work\git\ScanMonster\assets\monsters\elephant\elephant_04.png,C:\Users\user\work\git\ScanMonster\assets\monsters\elephant\elephant_uncommon.png
elephant,5,yukitomoshi,elephant_05.png,elephant_yukitomoshi.png,C:\Users\user\work\git\ScanMonster\assets\monsters\elephant\elephant_05.png,C:\Users\user\work\git\ScanMonster\assets\monsters\elephant\elephant_yukitomoshi.png
elephant,6,tasogare,elephant_06.png,elephant_tasogare.png,C:\Users\user\work\git\ScanMonster\assets\monsters\elephant\elephant_06.png,C:\Users\user\work\git\ScanMonster\assets\monsters\elephant\elephant_tasogare.png
elephant,7,natsuhikari,elephant_07.png,elephant_natsuhikari.png,C:\Users\user\work\git\ScanMonster\assets\monsters\elephant\elephant_07.png,C:\Users\user\work\git\ScanMonster\assets\monsters\elephant\elephant_natsuhikari.png
elephant,8,asatsuyu,elephant_08.png,elephant_asatsuyu.png,C:\Users\user\work\git\ScanMonster\assets\monsters\elephant\elephant_08.png,C:\Users\user\work\git\ScanMonster\assets\monsters\elephant\elephant_asatsuyu.png
elephant,9,legend,elephant_09.png,elephant_legend.png,C:\Users\user\work\git\ScanMonster\assets\monsters\elephant\elephant_09.png,C:\Users\user\work\git\ScanMonster\assets\monsters\elephant\elephant_legend.png
elephant,10,rare,elephant_10.png,elephant_rare.png,C:\Users\user\work\git\ScanMonster\assets\monsters\elephant\elephant_10.png,C:\Users\user\work\git\ScanMonster\assets\monsters\elephant\elephant_rare.png
elephant,11,youkou,elephant_11.png,elephant_youkou.png,C:\Users\user\work\git\ScanMonster\assets\monsters\elephant\elephant_11.png,C:\Users\user\work\git\ScanMonster\assets\monsters\elephant\elephant_youkou.png
elephant,12,common,elephant_12.png,elephant_common.png,C:\Users\user\work\git\ScanMonster\assets\monsters\elephant\elephant_12.png,C:\Users\user\work\git\ScanMonster\assets\monsters\elephant\elephant_common.png
fox,1,asatsuyu,fox_01.png,fox_asatsuyu.png,C:\Users\user\work\git\ScanMonster\assets\monsters\fox\fox_01.png,C:\Users\user\work\git\ScanMonster\assets\monsters\fox\fox_asatsuyu.png
fox,2,youkou,fox_02.png,fox_youkou.png,C:\Users\user\work\git\ScanMonster\assets\monsters\fox\fox_02.png,C:\Users\user\work\git\ScanMonster\assets\monsters\fox\fox_youkou.png
fox,3,tasogare,fox_03.png,fox_tasogare.png,C:\Users\user\work\git\ScanMonster\assets\monsters\fox\fox_03.png,C:\Users\user\work\git\ScanMonster\assets\monsters\fox\fox_tasogare.png
fox,4,tsukikage,fox_04.png,fox_tsukikage.png,C:\Users\user\work\git\ScanMonster\assets\monsters\fox\fox_04.png,C:\Users\user\work\git\ScanMonster\assets\monsters\fox\fox_tsukikage.png
fox,5,harukaze,fox_05.png,fox_harukaze.png,C:\Users\user\work\git\ScanMonster\assets\monsters\fox\fox_05.png,C:\Users\user\work\git\ScanMonster\assets\monsters\fox\fox_harukaze.png
fox,6,natsuhikari,fox_06.png,fox_natsuhikari.png,C:\Users\user\work\git\ScanMonster\assets\monsters\fox\fox_06.png,C:\Users\user\work\git\ScanMonster\assets\monsters\fox\fox_natsuhikari.png
fox,7,momiji,fox_07.png,fox_momiji.png,C:\Users\user\work\git\ScanMonster\assets\monsters\fox\fox_07.png,C:\Users\user\work\git\ScanMonster\assets\monsters\fox\fox_momiji.png
fox,8,yukitomoshi,fox_08.png,fox_yukitomoshi.png,C:\Users\user\work\git\ScanMonster\assets\monsters\fox\fox_08.png,C:\Users\user\work\git\ScanMonster\assets\monsters\fox\fox_yukitomoshi.png
fox,9,common,fox_09.png,fox_common.png,C:\Users\user\work\git\ScanMonster\assets\monsters\fox\fox_09.png,C:\Users\user\work\git\ScanMonster\assets\monsters\fox\fox_common.png
fox,10,uncommon,fox_10.png,fox_uncommon.png,C:\Users\user\work\git\ScanMonster\assets\monsters\fox\fox_10.png,C:\Users\user\work\git\ScanMonster\assets\monsters\fox\fox_uncommon.png
fox,11,rare,fox_11.png,fox_rare.png,C:\Users\user\work\git\ScanMonster\assets\monsters\fox\fox_11.png,C:\Users\user\work\git\ScanMonster\assets\monsters\fox\fox_rare.png
fox,12,legend,fox_12.png,fox_legend.png,C:\Users\user\work\git\ScanMonster\assets\monsters\fox\fox_12.png,C:\Users\user\work\git\ScanMonster\assets\monsters\fox\fox_legend.png
frog,1,asatsuyu,frog_01.png,frog_asatsuyu.png,C:\Users\user\work\git\ScanMonster\assets\monsters\frog\frog_01.png,C:\Users\user\work\git\ScanMonster\assets\monsters\frog\frog_asatsuyu.png
frog,2,youkou,frog_02.png,frog_youkou.png,C:\Users\user\work\git\ScanMonster\assets\monsters\frog\frog_02.png,C:\Users\user\work\git\ScanMonster\assets\monsters\frog\frog_youkou.png
frog,3,tasogare,frog_03.png,frog_tasogare.png,C:\Users\user\work\git\ScanMonster\assets\monsters\frog\frog_03.png,C:\Users\user\work\git\ScanMonster\assets\monsters\frog\frog_tasogare.png
frog,4,tsukikage,frog_04.png,frog_tsukikage.png,C:\Users\user\work\git\ScanMonster\assets\monsters\frog\frog_04.png,C:\Users\user\work\git\ScanMonster\assets\monsters\frog\frog_tsukikage.png
frog,5,harukaze,frog_05.png,frog_harukaze.png,C:\Users\user\work\git\ScanMonster\assets\monsters\frog\frog_05.png,C:\Users\user\work\git\ScanMonster\assets\monsters\frog\frog_harukaze.png
frog,6,natsuhikari,frog_06.png,frog_natsuhikari.png,C:\Users\user\work\git\ScanMonster\assets\monsters\frog\frog_06.png,C:\Users\user\work\git\ScanMonster\assets\monsters\frog\frog_natsuhikari.png
frog,7,momiji,frog_07.png,frog_momiji.png,C:\Users\user\work\git\ScanMonster\assets\monsters\frog\frog_07.png,C:\Users\user\work\git\ScanMonster\assets\monsters\frog\frog_momiji.png
frog,8,yukitomoshi,frog_08.png,frog_yukitomoshi.png,C:\Users\user\work\git\ScanMonster\assets\monsters\frog\frog_08.png,C:\Users\user\work\git\ScanMonster\assets\monsters\frog\frog_yukitomoshi.png
frog,9,common,frog_09.png,frog_common.png,C:\Users\user\work\git\ScanMonster\assets\monsters\frog\frog_09.png,C:\Users\user\work\git\ScanMonster\assets\monsters\frog\frog_common.png
frog,10,uncommon,frog_10.png,frog_uncommon.png,C:\Users\user\work\git\ScanMonster\assets\monsters\frog\frog_10.png,C:\Users\user\work\git\ScanMonster\assets\monsters\frog\frog_uncommon.png
frog,11,rare,frog_11.png,frog_rare.png,C:\Users\user\work\git\ScanMonster\assets\monsters\frog\frog_11.png,C:\Users\user\work\git\ScanMonster\assets\monsters\frog\frog_rare.png
frog,12,legend,frog_12.png,frog_legend.png,C:\Users\user\work\git\ScanMonster\assets\monsters\frog\frog_12.png,C:\Users\user\work\git\ScanMonster\assets\monsters\frog\frog_legend.png
giraffe,1,asatsuyu,giraffe_01.png,giraffe_asatsuyu.png,C:\Users\user\work\git\ScanMonster\assets\monsters\giraffe\giraffe_01.png,C:\Users\user\work\git\ScanMonster\assets\monsters\giraffe\giraffe_asatsuyu.png
giraffe,2,youkou,giraffe_02.png,giraffe_youkou.png,C:\Users\user\work\git\ScanMonster\assets\monsters\giraffe\giraffe_02.png,C:\Users\user\work\git\ScanMonster\assets\monsters\giraffe\giraffe_youkou.png
giraffe,3,tasogare,giraffe_03.png,giraffe_tasogare.png,C:\Users\user\work\git\ScanMonster\assets\monsters\giraffe\giraffe_03.png,C:\Users\user\work\git\ScanMonster\assets\monsters\giraffe\giraffe_tasogare.png
giraffe,4,tsukikage,giraffe_04.png,giraffe_tsukikage.png,C:\Users\user\work\git\ScanMonster\assets\monsters\giraffe\giraffe_04.png,C:\Users\user\work\git\ScanMonster\assets\monsters\giraffe\giraffe_tsukikage.png
giraffe,5,harukaze,giraffe_05.png,giraffe_harukaze.png,C:\Users\user\work\git\ScanMonster\assets\monsters\giraffe\giraffe_05.png,C:\Users\user\work\git\ScanMonster\assets\monsters\giraffe\giraffe_harukaze.png
giraffe,6,natsuhikari,giraffe_06.png,giraffe_natsuhikari.png,C:\Users\user\work\git\ScanMonster\assets\monsters\giraffe\giraffe_06.png,C:\Users\user\work\git\ScanMonster\assets\monsters\giraffe\giraffe_natsuhikari.png
giraffe,7,momiji,giraffe_07.png,giraffe_momiji.png,C:\Users\user\work\git\ScanMonster\assets\monsters\giraffe\giraffe_07.png,C:\Users\user\work\git\ScanMonster\assets\monsters\giraffe\giraffe_momiji.png
giraffe,8,yukitomoshi,giraffe_08.png,giraffe_yukitomoshi.png,C:\Users\user\work\git\ScanMonster\assets\monsters\giraffe\giraffe_08.png,C:\Users\user\work\git\ScanMonster\assets\monsters\giraffe\giraffe_yukitomoshi.png
giraffe,9,common,giraffe_09.png,giraffe_common.png,C:\Users\user\work\git\ScanMonster\assets\monsters\giraffe\giraffe_09.png,C:\Users\user\work\git\ScanMonster\assets\monsters\giraffe\giraffe_common.png
giraffe,10,uncommon,giraffe_10.png,giraffe_uncommon.png,C:\Users\user\work\git\ScanMonster\assets\monsters\giraffe\giraffe_10.png,C:\Users\user\work\git\ScanMonster\assets\monsters\giraffe\giraffe_uncommon.png
gorilla,1,asatsuyu,ChatGPT Image 2026年6月30日 23_31_32 (1).png,gorilla_asatsuyu.png,C:\Users\user\work\git\ScanMonster\assets\monsters\gorilla\ChatGPT Image 2026年6月30日 23_31_32 (1).png,C:\Users\user\work\git\ScanMonster\assets\monsters\gorilla\gorilla_asatsuyu.png
gorilla,2,youkou,ChatGPT Image 2026年6月30日 23_31_32 (2).png,gorilla_youkou.png,C:\Users\user\work\git\ScanMonster\assets\monsters\gorilla\ChatGPT Image 2026年6月30日 23_31_32 (2).png,C:\Users\user\work\git\ScanMonster\assets\monsters\gorilla\gorilla_youkou.png
gorilla,3,tasogare,ChatGPT Image 2026年6月30日 23_31_32 (3).png,gorilla_tasogare.png,C:\Users\user\work\git\ScanMonster\assets\monsters\gorilla\ChatGPT Image 2026年6月30日 23_31_32 (3).png,C:\Users\user\work\git\ScanMonster\assets\monsters\gorilla\gorilla_tasogare.png
gorilla,4,tsukikage,ChatGPT Image 2026年6月30日 23_31_33 (4).png,gorilla_tsukikage.png,C:\Users\user\work\git\ScanMonster\assets\monsters\gorilla\ChatGPT Image 2026年6月30日 23_31_33 (4).png,C:\Users\user\work\git\ScanMonster\assets\monsters\gorilla\gorilla_tsukikage.png
gorilla,5,harukaze,ChatGPT Image 2026年6月30日 23_31_33 (5).png,gorilla_harukaze.png,C:\Users\user\work\git\ScanMonster\assets\monsters\gorilla\ChatGPT Image 2026年6月30日 23_31_33 (5).png,C:\Users\user\work\git\ScanMonster\assets\monsters\gorilla\gorilla_harukaze.png
gorilla,6,natsuhikari,ChatGPT Image 2026年6月30日 23_31_34 (6).png,gorilla_natsuhikari.png,C:\Users\user\work\git\ScanMonster\assets\monsters\gorilla\ChatGPT Image 2026年6月30日 23_31_34 (6).png,C:\Users\user\work\git\ScanMonster\assets\monsters\gorilla\gorilla_natsuhikari.png
gorilla,7,momiji,ChatGPT Image 2026年7月1日 06_38_16 (1).png,gorilla_momiji.png,C:\Users\user\work\git\ScanMonster\assets\monsters\gorilla\ChatGPT Image 2026年7月1日 06_38_16 (1).png,C:\Users\user\work\git\ScanMonster\assets\monsters\gorilla\gorilla_momiji.png
gorilla,8,yukitomoshi,ChatGPT Image 2026年7月1日 06_38_16 (2).png,gorilla_yukitomoshi.png,C:\Users\user\work\git\ScanMonster\assets\monsters\gorilla\ChatGPT Image 2026年7月1日 06_38_16 (2).png,C:\Users\user\work\git\ScanMonster\assets\monsters\gorilla\gorilla_yukitomoshi.png
gorilla,9,common,ChatGPT Image 2026年7月1日 06_38_16 (3).png,gorilla_common.png,C:\Users\user\work\git\ScanMonster\assets\monsters\gorilla\ChatGPT Image 2026年7月1日 06_38_16 (3).png,C:\Users\user\work\git\ScanMonster\assets\monsters\gorilla\gorilla_common.png
gorilla,10,uncommon,ChatGPT Image 2026年7月1日 06_38_16 (4).png,gorilla_uncommon.png,C:\Users\user\work\git\ScanMonster\assets\monsters\gorilla\ChatGPT Image 2026年7月1日 06_38_16 (4).png,C:\Users\user\work\git\ScanMonster\assets\monsters\gorilla\gorilla_uncommon.png
gorilla,11,rare,ChatGPT Image 2026年7月1日 06_38_16 (5).png,gorilla_rare.png,C:\Users\user\work\git\ScanMonster\assets\monsters\gorilla\ChatGPT Image 2026年7月1日 06_38_16 (5).png,C:\Users\user\work\git\ScanMonster\assets\monsters\gorilla\gorilla_rare.png
gorilla,12,legend,ChatGPT Image 2026年7月1日 06_38_16 (6).png,gorilla_legend.png,C:\Users\user\work\git\ScanMonster\assets\monsters\gorilla\ChatGPT Image 2026年7月1日 06_38_16 (6).png,C:\Users\user\work\git\ScanMonster\assets\monsters\gorilla\gorilla_legend.png
hamster,1,asatsuyu,ChatGPT Image 2026年7月1日 06_47_26 (1).png,hamster_asatsuyu.png,C:\Users\user\work\git\ScanMonster\assets\monsters\hamster\ChatGPT Image 2026年7月1日 06_47_26 (1).png,C:\Users\user\work\git\ScanMonster\assets\monsters\hamster\hamster_asatsuyu.png
hamster,2,youkou,ChatGPT Image 2026年7月1日 06_47_29 (2).png,hamster_youkou.png,C:\Users\user\work\git\ScanMonster\assets\monsters\hamster\ChatGPT Image 2026年7月1日 06_47_29 (2).png,C:\Users\user\work\git\ScanMonster\assets\monsters\hamster\hamster_youkou.png
hamster,3,tasogare,ChatGPT Image 2026年7月1日 06_47_30 (3).png,hamster_tasogare.png,C:\Users\user\work\git\ScanMonster\assets\monsters\hamster\ChatGPT Image 2026年7月1日 06_47_30 (3).png,C:\Users\user\work\git\ScanMonster\assets\monsters\hamster\hamster_tasogare.png
hamster,4,tsukikage,ChatGPT Image 2026年7月1日 06_47_31 (4).png,hamster_tsukikage.png,C:\Users\user\work\git\ScanMonster\assets\monsters\hamster\ChatGPT Image 2026年7月1日 06_47_31 (4).png,C:\Users\user\work\git\ScanMonster\assets\monsters\hamster\hamster_tsukikage.png
hamster,5,harukaze,ChatGPT Image 2026年7月1日 06_47_31 (5).png,hamster_harukaze.png,C:\Users\user\work\git\ScanMonster\assets\monsters\hamster\ChatGPT Image 2026年7月1日 06_47_31 (5).png,C:\Users\user\work\git\ScanMonster\assets\monsters\hamster\hamster_harukaze.png
hamster,6,natsuhikari,ChatGPT Image 2026年7月1日 06_47_33 (6).png,hamster_natsuhikari.png,C:\Users\user\work\git\ScanMonster\assets\monsters\hamster\ChatGPT Image 2026年7月1日 06_47_33 (6).png,C:\Users\user\work\git\ScanMonster\assets\monsters\hamster\hamster_natsuhikari.png
hamster,7,momiji,ChatGPT Image 2026年7月1日 06_50_17 (1).png,hamster_momiji.png,C:\Users\user\work\git\ScanMonster\assets\monsters\hamster\ChatGPT Image 2026年7月1日 06_50_17 (1).png,C:\Users\user\work\git\ScanMonster\assets\monsters\hamster\hamster_momiji.png
hamster,8,yukitomoshi,ChatGPT Image 2026年7月1日 06_50_17 (2).png,hamster_yukitomoshi.png,C:\Users\user\work\git\ScanMonster\assets\monsters\hamster\ChatGPT Image 2026年7月1日 06_50_17 (2).png,C:\Users\user\work\git\ScanMonster\assets\monsters\hamster\hamster_yukitomoshi.png
hamster,9,common,ChatGPT Image 2026年7月1日 06_50_17 (3).png,hamster_common.png,C:\Users\user\work\git\ScanMonster\assets\monsters\hamster\ChatGPT Image 2026年7月1日 06_50_17 (3).png,C:\Users\user\work\git\ScanMonster\assets\monsters\hamster\hamster_common.png
hamster,10,uncommon,ChatGPT Image 2026年7月1日 06_50_17 (4).png,hamster_uncommon.png,C:\Users\user\work\git\ScanMonster\assets\monsters\hamster\ChatGPT Image 2026年7月1日 06_50_17 (4).png,C:\Users\user\work\git\ScanMonster\assets\monsters\hamster\hamster_uncommon.png
hamster,11,rare,ChatGPT Image 2026年7月1日 06_50_17 (5).png,hamster_rare.png,C:\Users\user\work\git\ScanMonster\assets\monsters\hamster\ChatGPT Image 2026年7月1日 06_50_17 (5).png,C:\Users\user\work\git\ScanMonster\assets\monsters\hamster\hamster_rare.png
hamster,12,legend,ChatGPT Image 2026年7月1日 06_50_18 (6).png,hamster_legend.png,C:\Users\user\work\git\ScanMonster\assets\monsters\hamster\ChatGPT Image 2026年7月1日 06_50_18 (6).png,C:\Users\user\work\git\ScanMonster\assets\monsters\hamster\hamster_legend.png
hippo,1,asatsuyu,ChatGPT Image 2026年7月1日 06_53_23 (1).png,hippo_asatsuyu.png,C:\Users\user\work\git\ScanMonster\assets\monsters\hippo\ChatGPT Image 2026年7月1日 06_53_23 (1).png,C:\Users\user\work\git\ScanMonster\assets\monsters\hippo\hippo_asatsuyu.png
hippo,2,youkou,ChatGPT Image 2026年7月1日 06_53_23 (2).png,hippo_youkou.png,C:\Users\user\work\git\ScanMonster\assets\monsters\hippo\ChatGPT Image 2026年7月1日 06_53_23 (2).png,C:\Users\user\work\git\ScanMonster\assets\monsters\hippo\hippo_youkou.png
hippo,3,tasogare,ChatGPT Image 2026年7月1日 06_53_24 (3).png,hippo_tasogare.png,C:\Users\user\work\git\ScanMonster\assets\monsters\hippo\ChatGPT Image 2026年7月1日 06_53_24 (3).png,C:\Users\user\work\git\ScanMonster\assets\monsters\hippo\hippo_tasogare.png
hippo,4,tsukikage,ChatGPT Image 2026年7月1日 06_53_24 (4).png,hippo_tsukikage.png,C:\Users\user\work\git\ScanMonster\assets\monsters\hippo\ChatGPT Image 2026年7月1日 06_53_24 (4).png,C:\Users\user\work\git\ScanMonster\assets\monsters\hippo\hippo_tsukikage.png
hippo,5,harukaze,ChatGPT Image 2026年7月1日 06_53_25 (5).png,hippo_harukaze.png,C:\Users\user\work\git\ScanMonster\assets\monsters\hippo\ChatGPT Image 2026年7月1日 06_53_25 (5).png,C:\Users\user\work\git\ScanMonster\assets\monsters\hippo\hippo_harukaze.png
hippo,6,natsuhikari,ChatGPT Image 2026年7月1日 06_53_25 (6).png,hippo_natsuhikari.png,C:\Users\user\work\git\ScanMonster\assets\monsters\hippo\ChatGPT Image 2026年7月1日 06_53_25 (6).png,C:\Users\user\work\git\ScanMonster\assets\monsters\hippo\hippo_natsuhikari.png
hippo,7,momiji,ChatGPT Image 2026年7月1日 06_55_17 (1).png,hippo_momiji.png,C:\Users\user\work\git\ScanMonster\assets\monsters\hippo\ChatGPT Image 2026年7月1日 06_55_17 (1).png,C:\Users\user\work\git\ScanMonster\assets\monsters\hippo\hippo_momiji.png
hippo,8,yukitomoshi,ChatGPT Image 2026年7月1日 06_55_17 (2).png,hippo_yukitomoshi.png,C:\Users\user\work\git\ScanMonster\assets\monsters\hippo\ChatGPT Image 2026年7月1日 06_55_17 (2).png,C:\Users\user\work\git\ScanMonster\assets\monsters\hippo\hippo_yukitomoshi.png
hippo,9,common,ChatGPT Image 2026年7月1日 06_55_17 (3).png,hippo_common.png,C:\Users\user\work\git\ScanMonster\assets\monsters\hippo\ChatGPT Image 2026年7月1日 06_55_17 (3).png,C:\Users\user\work\git\ScanMonster\assets\monsters\hippo\hippo_common.png
hippo,10,uncommon,ChatGPT Image 2026年7月1日 06_55_17 (4).png,hippo_uncommon.png,C:\Users\user\work\git\ScanMonster\assets\monsters\hippo\ChatGPT Image 2026年7月1日 06_55_17 (4).png,C:\Users\user\work\git\ScanMonster\assets\monsters\hippo\hippo_uncommon.png
hippo,11,rare,ChatGPT Image 2026年7月1日 06_55_17 (5).png,hippo_rare.png,C:\Users\user\work\git\ScanMonster\assets\monsters\hippo\ChatGPT Image 2026年7月1日 06_55_17 (5).png,C:\Users\user\work\git\ScanMonster\assets\monsters\hippo\hippo_rare.png
hippo,12,legend,ChatGPT Image 2026年7月1日 06_55_18 (6).png,hippo_legend.png,C:\Users\user\work\git\ScanMonster\assets\monsters\hippo\ChatGPT Image 2026年7月1日 06_55_18 (6).png,C:\Users\user\work\git\ScanMonster\assets\monsters\hippo\hippo_legend.png
horse,1,asatsuyu,ChatGPT Image 2026年7月1日 06_59_45 (1).png,horse_asatsuyu.png,C:\Users\user\work\git\ScanMonster\assets\monsters\horse\ChatGPT Image 2026年7月1日 06_59_45 (1).png,C:\Users\user\work\git\ScanMonster\assets\monsters\horse\horse_asatsuyu.png
horse,2,youkou,ChatGPT Image 2026年7月1日 06_59_45 (2).png,horse_youkou.png,C:\Users\user\work\git\ScanMonster\assets\monsters\horse\ChatGPT Image 2026年7月1日 06_59_45 (2).png,C:\Users\user\work\git\ScanMonster\assets\monsters\horse\horse_youkou.png
horse,3,tasogare,ChatGPT Image 2026年7月1日 06_59_46 (3).png,horse_tasogare.png,C:\Users\user\work\git\ScanMonster\assets\monsters\horse\ChatGPT Image 2026年7月1日 06_59_46 (3).png,C:\Users\user\work\git\ScanMonster\assets\monsters\horse\horse_tasogare.png
horse,4,tsukikage,ChatGPT Image 2026年7月1日 06_59_46 (4).png,horse_tsukikage.png,C:\Users\user\work\git\ScanMonster\assets\monsters\horse\ChatGPT Image 2026年7月1日 06_59_46 (4).png,C:\Users\user\work\git\ScanMonster\assets\monsters\horse\horse_tsukikage.png
horse,5,harukaze,ChatGPT Image 2026年7月1日 06_59_47 (5).png,horse_harukaze.png,C:\Users\user\work\git\ScanMonster\assets\monsters\horse\ChatGPT Image 2026年7月1日 06_59_47 (5).png,C:\Users\user\work\git\ScanMonster\assets\monsters\horse\horse_harukaze.png
horse,6,natsuhikari,ChatGPT Image 2026年7月1日 06_59_49 (6).png,horse_natsuhikari.png,C:\Users\user\work\git\ScanMonster\assets\monsters\horse\ChatGPT Image 2026年7月1日 06_59_49 (6).png,C:\Users\user\work\git\ScanMonster\assets\monsters\horse\horse_natsuhikari.png
horse,7,momiji,ChatGPT Image 2026年7月1日 07_01_10 (1).png,horse_momiji.png,C:\Users\user\work\git\ScanMonster\assets\monsters\horse\ChatGPT Image 2026年7月1日 07_01_10 (1).png,C:\Users\user\work\git\ScanMonster\assets\monsters\horse\horse_momiji.png
horse,8,yukitomoshi,ChatGPT Image 2026年7月1日 07_01_10 (2).png,horse_yukitomoshi.png,C:\Users\user\work\git\ScanMonster\assets\monsters\horse\ChatGPT Image 2026年7月1日 07_01_10 (2).png,C:\Users\user\work\git\ScanMonster\assets\monsters\horse\horse_yukitomoshi.png
horse,9,common,ChatGPT Image 2026年7月1日 07_01_10 (3).png,horse_common.png,C:\Users\user\work\git\ScanMonster\assets\monsters\horse\ChatGPT Image 2026年7月1日 07_01_10 (3).png,C:\Users\user\work\git\ScanMonster\assets\monsters\horse\horse_common.png
horse,10,uncommon,ChatGPT Image 2026年7月1日 07_01_10 (4).png,horse_uncommon.png,C:\Users\user\work\git\ScanMonster\assets\monsters\horse\ChatGPT Image 2026年7月1日 07_01_10 (4).png,C:\Users\user\work\git\ScanMonster\assets\monsters\horse\horse_uncommon.png
horse,11,rare,ChatGPT Image 2026年7月1日 07_01_10 (5).png,horse_rare.png,C:\Users\user\work\git\ScanMonster\assets\monsters\horse\ChatGPT Image 2026年7月1日 07_01_10 (5).png,C:\Users\user\work\git\ScanMonster\assets\monsters\horse\horse_rare.png
horse,12,legend,ChatGPT Image 2026年7月1日 07_01_10 (6).png,horse_legend.png,C:\Users\user\work\git\ScanMonster\assets\monsters\horse\ChatGPT Image 2026年7月1日 07_01_10 (6).png,C:\Users\user\work\git\ScanMonster\assets\monsters\horse\horse_legend.png
human,1,asatsuyu,ChatGPT Image 2026年7月1日 07_04_24 (1).png,human_asatsuyu.png,C:\Users\user\work\git\ScanMonster\assets\monsters\human\ChatGPT Image 2026年7月1日 07_04_24 (1).png,C:\Users\user\work\git\ScanMonster\assets\monsters\human\human_asatsuyu.png
human,2,harukaze,ChatGPT Image 2026年7月1日 07_04_27 (2).png,human_harukaze.png,C:\Users\user\work\git\ScanMonster\assets\monsters\human\ChatGPT Image 2026年7月1日 07_04_27 (2).png,C:\Users\user\work\git\ScanMonster\assets\monsters\human\human_harukaze.png
human,3,tsukikage,ChatGPT Image 2026年7月1日 07_04_28 (3).png,human_tsukikage.png,C:\Users\user\work\git\ScanMonster\assets\monsters\human\ChatGPT Image 2026年7月1日 07_04_28 (3).png,C:\Users\user\work\git\ScanMonster\assets\monsters\human\human_tsukikage.png
human,4,tasogare,ChatGPT Image 2026年7月1日 07_04_28 (4).png,human_tasogare.png,C:\Users\user\work\git\ScanMonster\assets\monsters\human\ChatGPT Image 2026年7月1日 07_04_28 (4).png,C:\Users\user\work\git\ScanMonster\assets\monsters\human\human_tasogare.png
human,5,natsuhikari,ChatGPT Image 2026年7月1日 07_04_29 (5).png,human_natsuhikari.png,C:\Users\user\work\git\ScanMonster\assets\monsters\human\ChatGPT Image 2026年7月1日 07_04_29 (5).png,C:\Users\user\work\git\ScanMonster\assets\monsters\human\human_natsuhikari.png
human,6,youkou,ChatGPT Image 2026年7月1日 07_04_29 (6).png,human_youkou.png,C:\Users\user\work\git\ScanMonster\assets\monsters\human\ChatGPT Image 2026年7月1日 07_04_29 (6).png,C:\Users\user\work\git\ScanMonster\assets\monsters\human\human_youkou.png
human,7,momiji,ChatGPT Image 2026年7月1日 07_27_01 (1).png,human_momiji.png,C:\Users\user\work\git\ScanMonster\assets\monsters\human\ChatGPT Image 2026年7月1日 07_27_01 (1).png,C:\Users\user\work\git\ScanMonster\assets\monsters\human\human_momiji.png
human,8,yukitomoshi,ChatGPT Image 2026年7月1日 07_27_01 (2).png,human_yukitomoshi.png,C:\Users\user\work\git\ScanMonster\assets\monsters\human\ChatGPT Image 2026年7月1日 07_27_01 (2).png,C:\Users\user\work\git\ScanMonster\assets\monsters\human\human_yukitomoshi.png
human,9,common,ChatGPT Image 2026年7月1日 07_27_02 (3).png,human_common.png,C:\Users\user\work\git\ScanMonster\assets\monsters\human\ChatGPT Image 2026年7月1日 07_27_02 (3).png,C:\Users\user\work\git\ScanMonster\assets\monsters\human\human_common.png
human,10,uncommon,ChatGPT Image 2026年7月1日 07_27_02 (4).png,human_uncommon.png,C:\Users\user\work\git\ScanMonster\assets\monsters\human\ChatGPT Image 2026年7月1日 07_27_02 (4).png,C:\Users\user\work\git\ScanMonster\assets\monsters\human\human_uncommon.png
human,11,rare,ChatGPT Image 2026年7月1日 07_27_02 (5).png,human_rare.png,C:\Users\user\work\git\ScanMonster\assets\monsters\human\ChatGPT Image 2026年7月1日 07_27_02 (5).png,C:\Users\user\work\git\ScanMonster\assets\monsters\human\human_rare.png
human,12,legend,ChatGPT Image 2026年7月1日 07_27_02 (6).png,human_legend.png,C:\Users\user\work\git\ScanMonster\assets\monsters\human\ChatGPT Image 2026年7月1日 07_27_02 (6).png,C:\Users\user\work\git\ScanMonster\assets\monsters\human\human_legend.png
jellyfish,1,asatsuyu,ChatGPT Image 2026年7月1日 07_27_26 (1).png,jellyfish_asatsuyu.png,C:\Users\user\work\git\ScanMonster\assets\monsters\jellyfish\ChatGPT Image 2026年7月1日 07_27_26 (1).png,C:\Users\user\work\git\ScanMonster\assets\monsters\jellyfish\jellyfish_asatsuyu.png
jellyfish,2,youkou,ChatGPT Image 2026年7月1日 07_27_26 (2).png,jellyfish_youkou.png,C:\Users\user\work\git\ScanMonster\assets\monsters\jellyfish\ChatGPT Image 2026年7月1日 07_27_26 (2).png,C:\Users\user\work\git\ScanMonster\assets\monsters\jellyfish\jellyfish_youkou.png
jellyfish,3,tasogare,ChatGPT Image 2026年7月1日 07_27_26 (3).png,jellyfish_tasogare.png,C:\Users\user\work\git\ScanMonster\assets\monsters\jellyfish\ChatGPT Image 2026年7月1日 07_27_26 (3).png,C:\Users\user\work\git\ScanMonster\assets\monsters\jellyfish\jellyfish_tasogare.png
jellyfish,4,tsukikage,ChatGPT Image 2026年7月1日 07_27_26 (4).png,jellyfish_tsukikage.png,C:\Users\user\work\git\ScanMonster\assets\monsters\jellyfish\ChatGPT Image 2026年7月1日 07_27_26 (4).png,C:\Users\user\work\git\ScanMonster\assets\monsters\jellyfish\jellyfish_tsukikage.png
jellyfish,5,harukaze,ChatGPT Image 2026年7月1日 07_27_26 (5).png,jellyfish_harukaze.png,C:\Users\user\work\git\ScanMonster\assets\monsters\jellyfish\ChatGPT Image 2026年7月1日 07_27_26 (5).png,C:\Users\user\work\git\ScanMonster\assets\monsters\jellyfish\jellyfish_harukaze.png
jellyfish,6,natsuhikari,ChatGPT Image 2026年7月1日 07_27_26 (6).png,jellyfish_natsuhikari.png,C:\Users\user\work\git\ScanMonster\assets\monsters\jellyfish\ChatGPT Image 2026年7月1日 07_27_26 (6).png,C:\Users\user\work\git\ScanMonster\assets\monsters\jellyfish\jellyfish_natsuhikari.png
jellyfish,7,momiji,ChatGPT Image 2026年7月1日 07_27_37 (1).png,jellyfish_momiji.png,C:\Users\user\work\git\ScanMonster\assets\monsters\jellyfish\ChatGPT Image 2026年7月1日 07_27_37 (1).png,C:\Users\user\work\git\ScanMonster\assets\monsters\jellyfish\jellyfish_momiji.png
jellyfish,8,yukitomoshi,ChatGPT Image 2026年7月1日 07_27_37 (2).png,jellyfish_yukitomoshi.png,C:\Users\user\work\git\ScanMonster\assets\monsters\jellyfish\ChatGPT Image 2026年7月1日 07_27_37 (2).png,C:\Users\user\work\git\ScanMonster\assets\monsters\jellyfish\jellyfish_yukitomoshi.png
jellyfish,9,common,ChatGPT Image 2026年7月1日 07_27_37 (3).png,jellyfish_common.png,C:\Users\user\work\git\ScanMonster\assets\monsters\jellyfish\ChatGPT Image 2026年7月1日 07_27_37 (3).png,C:\Users\user\work\git\ScanMonster\assets\monsters\jellyfish\jellyfish_common.png
jellyfish,10,uncommon,ChatGPT Image 2026年7月1日 07_27_37 (4).png,jellyfish_uncommon.png,C:\Users\user\work\git\ScanMonster\assets\monsters\jellyfish\ChatGPT Image 2026年7月1日 07_27_37 (4).png,C:\Users\user\work\git\ScanMonster\assets\monsters\jellyfish\jellyfish_uncommon.png
jellyfish,11,rare,ChatGPT Image 2026年7月1日 07_27_37 (5).png,jellyfish_rare.png,C:\Users\user\work\git\ScanMonster\assets\monsters\jellyfish\ChatGPT Image 2026年7月1日 07_27_37 (5).png,C:\Users\user\work\git\ScanMonster\assets\monsters\jellyfish\jellyfish_rare.png
jellyfish,12,legend,ChatGPT Image 2026年7月1日 07_27_37 (6).png,jellyfish_legend.png,C:\Users\user\work\git\ScanMonster\assets\monsters\jellyfish\ChatGPT Image 2026年7月1日 07_27_37 (6).png,C:\Users\user\work\git\ScanMonster\assets\monsters\jellyfish\jellyfish_legend.png
koala,1,asatsuyu,ChatGPT Image 2026年7月1日 07_31_01 (1).png,koala_asatsuyu.png,C:\Users\user\work\git\ScanMonster\assets\monsters\koala\ChatGPT Image 2026年7月1日 07_31_01 (1).png,C:\Users\user\work\git\ScanMonster\assets\monsters\koala\koala_asatsuyu.png
koala,2,youkou,ChatGPT Image 2026年7月1日 07_31_01 (2).png,koala_youkou.png,C:\Users\user\work\git\ScanMonster\assets\monsters\koala\ChatGPT Image 2026年7月1日 07_31_01 (2).png,C:\Users\user\work\git\ScanMonster\assets\monsters\koala\koala_youkou.png
koala,3,tasogare,ChatGPT Image 2026年7月1日 07_31_02 (3).png,koala_tasogare.png,C:\Users\user\work\git\ScanMonster\assets\monsters\koala\ChatGPT Image 2026年7月1日 07_31_02 (3).png,C:\Users\user\work\git\ScanMonster\assets\monsters\koala\koala_tasogare.png
koala,4,tsukikage,ChatGPT Image 2026年7月1日 07_31_03 (4).png,koala_tsukikage.png,C:\Users\user\work\git\ScanMonster\assets\monsters\koala\ChatGPT Image 2026年7月1日 07_31_03 (4).png,C:\Users\user\work\git\ScanMonster\assets\monsters\koala\koala_tsukikage.png
koala,5,harukaze,ChatGPT Image 2026年7月1日 07_31_03 (5).png,koala_harukaze.png,C:\Users\user\work\git\ScanMonster\assets\monsters\koala\ChatGPT Image 2026年7月1日 07_31_03 (5).png,C:\Users\user\work\git\ScanMonster\assets\monsters\koala\koala_harukaze.png
koala,6,natsuhikari,ChatGPT Image 2026年7月1日 07_31_04 (6).png,koala_natsuhikari.png,C:\Users\user\work\git\ScanMonster\assets\monsters\koala\ChatGPT Image 2026年7月1日 07_31_04 (6).png,C:\Users\user\work\git\ScanMonster\assets\monsters\koala\koala_natsuhikari.png
koala,7,momiji,ChatGPT Image 2026年7月1日 07_35_22 (1).png,koala_momiji.png,C:\Users\user\work\git\ScanMonster\assets\monsters\koala\ChatGPT Image 2026年7月1日 07_35_22 (1).png,C:\Users\user\work\git\ScanMonster\assets\monsters\koala\koala_momiji.png
koala,8,yukitomoshi,ChatGPT Image 2026年7月1日 07_35_22 (2).png,koala_yukitomoshi.png,C:\Users\user\work\git\ScanMonster\assets\monsters\koala\ChatGPT Image 2026年7月1日 07_35_22 (2).png,C:\Users\user\work\git\ScanMonster\assets\monsters\koala\koala_yukitomoshi.png
koala,9,common,ChatGPT Image 2026年7月1日 07_35_23 (3).png,koala_common.png,C:\Users\user\work\git\ScanMonster\assets\monsters\koala\ChatGPT Image 2026年7月1日 07_35_23 (3).png,C:\Users\user\work\git\ScanMonster\assets\monsters\koala\koala_common.png
koala,10,uncommon,ChatGPT Image 2026年7月1日 07_35_24 (4).png,koala_uncommon.png,C:\Users\user\work\git\ScanMonster\assets\monsters\koala\ChatGPT Image 2026年7月1日 07_35_24 (4).png,C:\Users\user\work\git\ScanMonster\assets\monsters\koala\koala_uncommon.png
koala,11,rare,ChatGPT Image 2026年7月1日 07_35_29 (5).png,koala_rare.png,C:\Users\user\work\git\ScanMonster\assets\monsters\koala\ChatGPT Image 2026年7月1日 07_35_29 (5).png,C:\Users\user\work\git\ScanMonster\assets\monsters\koala\koala_rare.png
koala,12,legend,ChatGPT Image 2026年7月1日 07_35_31 (6).png,koala_legend.png,C:\Users\user\work\git\ScanMonster\assets\monsters\koala\ChatGPT Image 2026年7月1日 07_35_31 (6).png,C:\Users\user\work\git\ScanMonster\assets\monsters\koala\koala_legend.png
lion,1,asatsuyu,ChatGPT Image 2026年7月1日 07_37_58 (1).png,lion_asatsuyu.png,C:\Users\user\work\git\ScanMonster\assets\monsters\lion\ChatGPT Image 2026年7月1日 07_37_58 (1).png,C:\Users\user\work\git\ScanMonster\assets\monsters\lion\lion_asatsuyu.png
lion,2,youkou,ChatGPT Image 2026年7月1日 07_37_58 (2).png,lion_youkou.png,C:\Users\user\work\git\ScanMonster\assets\monsters\lion\ChatGPT Image 2026年7月1日 07_37_58 (2).png,C:\Users\user\work\git\ScanMonster\assets\monsters\lion\lion_youkou.png
lion,3,tasogare,ChatGPT Image 2026年7月1日 07_37_59 (3).png,lion_tasogare.png,C:\Users\user\work\git\ScanMonster\assets\monsters\lion\ChatGPT Image 2026年7月1日 07_37_59 (3).png,C:\Users\user\work\git\ScanMonster\assets\monsters\lion\lion_tasogare.png
lion,4,tsukikage,ChatGPT Image 2026年7月1日 07_37_59 (4).png,lion_tsukikage.png,C:\Users\user\work\git\ScanMonster\assets\monsters\lion\ChatGPT Image 2026年7月1日 07_37_59 (4).png,C:\Users\user\work\git\ScanMonster\assets\monsters\lion\lion_tsukikage.png
lion,5,harukaze,ChatGPT Image 2026年7月1日 07_37_59 (5).png,lion_harukaze.png,C:\Users\user\work\git\ScanMonster\assets\monsters\lion\ChatGPT Image 2026年7月1日 07_37_59 (5).png,C:\Users\user\work\git\ScanMonster\assets\monsters\lion\lion_harukaze.png
lion,6,natsuhikari,ChatGPT Image 2026年7月1日 07_37_59 (6).png,lion_natsuhikari.png,C:\Users\user\work\git\ScanMonster\assets\monsters\lion\ChatGPT Image 2026年7月1日 07_37_59 (6).png,C:\Users\user\work\git\ScanMonster\assets\monsters\lion\lion_natsuhikari.png
lion,7,momiji,ChatGPT Image 2026年7月1日 07_40_50 (1).png,lion_momiji.png,C:\Users\user\work\git\ScanMonster\assets\monsters\lion\ChatGPT Image 2026年7月1日 07_40_50 (1).png,C:\Users\user\work\git\ScanMonster\assets\monsters\lion\lion_momiji.png
lion,8,yukitomoshi,ChatGPT Image 2026年7月1日 07_40_53 (2).png,lion_yukitomoshi.png,C:\Users\user\work\git\ScanMonster\assets\monsters\lion\ChatGPT Image 2026年7月1日 07_40_53 (2).png,C:\Users\user\work\git\ScanMonster\assets\monsters\lion\lion_yukitomoshi.png
lion,9,common,ChatGPT Image 2026年7月1日 07_40_53 (3).png,lion_common.png,C:\Users\user\work\git\ScanMonster\assets\monsters\lion\ChatGPT Image 2026年7月1日 07_40_53 (3).png,C:\Users\user\work\git\ScanMonster\assets\monsters\lion\lion_common.png
lion,10,uncommon,ChatGPT Image 2026年7月1日 07_40_56 (4).png,lion_uncommon.png,C:\Users\user\work\git\ScanMonster\assets\monsters\lion\ChatGPT Image 2026年7月1日 07_40_56 (4).png,C:\Users\user\work\git\ScanMonster\assets\monsters\lion\lion_uncommon.png
lion,11,rare,ChatGPT Image 2026年7月1日 07_40_58 (5).png,lion_rare.png,C:\Users\user\work\git\ScanMonster\assets\monsters\lion\ChatGPT Image 2026年7月1日 07_40_58 (5).png,C:\Users\user\work\git\ScanMonster\assets\monsters\lion\lion_rare.png
lion,12,legend,ChatGPT Image 2026年7月1日 07_40_59 (6).png,lion_legend.png,C:\Users\user\work\git\ScanMonster\assets\monsters\lion\ChatGPT Image 2026年7月1日 07_40_59 (6).png,C:\Users\user\work\git\ScanMonster\assets\monsters\lion\lion_legend.png
mole,1,asatsuyu,ChatGPT Image 2026年7月1日 07_43_18 (1).png,mole_asatsuyu.png,C:\Users\user\work\git\ScanMonster\assets\monsters\mole\ChatGPT Image 2026年7月1日 07_43_18 (1).png,C:\Users\user\work\git\ScanMonster\assets\monsters\mole\mole_asatsuyu.png
mole,2,youkou,ChatGPT Image 2026年7月1日 07_43_18 (2).png,mole_youkou.png,C:\Users\user\work\git\ScanMonster\assets\monsters\mole\ChatGPT Image 2026年7月1日 07_43_18 (2).png,C:\Users\user\work\git\ScanMonster\assets\monsters\mole\mole_youkou.png
mole,3,tasogare,ChatGPT Image 2026年7月1日 07_43_19 (3).png,mole_tasogare.png,C:\Users\user\work\git\ScanMonster\assets\monsters\mole\ChatGPT Image 2026年7月1日 07_43_19 (3).png,C:\Users\user\work\git\ScanMonster\assets\monsters\mole\mole_tasogare.png
mole,4,tsukikage,ChatGPT Image 2026年7月1日 07_43_20 (4).png,mole_tsukikage.png,C:\Users\user\work\git\ScanMonster\assets\monsters\mole\ChatGPT Image 2026年7月1日 07_43_20 (4).png,C:\Users\user\work\git\ScanMonster\assets\monsters\mole\mole_tsukikage.png
mole,5,harukaze,ChatGPT Image 2026年7月1日 07_43_26 (5).png,mole_harukaze.png,C:\Users\user\work\git\ScanMonster\assets\monsters\mole\ChatGPT Image 2026年7月1日 07_43_26 (5).png,C:\Users\user\work\git\ScanMonster\assets\monsters\mole\mole_harukaze.png
mole,6,natsuhikari,ChatGPT Image 2026年7月1日 07_43_28 (6).png,mole_natsuhikari.png,C:\Users\user\work\git\ScanMonster\assets\monsters\mole\ChatGPT Image 2026年7月1日 07_43_28 (6).png,C:\Users\user\work\git\ScanMonster\assets\monsters\mole\mole_natsuhikari.png
mole,7,momiji,ChatGPT Image 2026年7月1日 07_46_10 (1).png,mole_momiji.png,C:\Users\user\work\git\ScanMonster\assets\monsters\mole\ChatGPT Image 2026年7月1日 07_46_10 (1).png,C:\Users\user\work\git\ScanMonster\assets\monsters\mole\mole_momiji.png
mole,8,yukitomoshi,ChatGPT Image 2026年7月1日 07_46_10 (2).png,mole_yukitomoshi.png,C:\Users\user\work\git\ScanMonster\assets\monsters\mole\ChatGPT Image 2026年7月1日 07_46_10 (2).png,C:\Users\user\work\git\ScanMonster\assets\monsters\mole\mole_yukitomoshi.png
mole,9,common,ChatGPT Image 2026年7月1日 07_46_10 (3).png,mole_common.png,C:\Users\user\work\git\ScanMonster\assets\monsters\mole\ChatGPT Image 2026年7月1日 07_46_10 (3).png,C:\Users\user\work\git\ScanMonster\assets\monsters\mole\mole_common.png
mole,10,uncommon,ChatGPT Image 2026年7月1日 07_46_10 (4).png,mole_uncommon.png,C:\Users\user\work\git\ScanMonster\assets\monsters\mole\ChatGPT Image 2026年7月1日 07_46_10 (4).png,C:\Users\user\work\git\ScanMonster\assets\monsters\mole\mole_uncommon.png
mole,11,rare,ChatGPT Image 2026年7月1日 07_46_18 (5).png,mole_rare.png,C:\Users\user\work\git\ScanMonster\assets\monsters\mole\ChatGPT Image 2026年7月1日 07_46_18 (5).png,C:\Users\user\work\git\ScanMonster\assets\monsters\mole\mole_rare.png
mole,12,legend,ChatGPT Image 2026年7月1日 07_46_19 (6).png,mole_legend.png,C:\Users\user\work\git\ScanMonster\assets\monsters\mole\ChatGPT Image 2026年7月1日 07_46_19 (6).png,C:\Users\user\work\git\ScanMonster\assets\monsters\mole\mole_legend.png
monkey,1,asatsuyu,ChatGPT Image 2026年7月1日 07_49_12 (1).png,monkey_asatsuyu.png,C:\Users\user\work\git\ScanMonster\assets\monsters\monkey\ChatGPT Image 2026年7月1日 07_49_12 (1).png,C:\Users\user\work\git\ScanMonster\assets\monsters\monkey\monkey_asatsuyu.png
monkey,2,youkou,ChatGPT Image 2026年7月1日 07_49_14 (2).png,monkey_youkou.png,C:\Users\user\work\git\ScanMonster\assets\monsters\monkey\ChatGPT Image 2026年7月1日 07_49_14 (2).png,C:\Users\user\work\git\ScanMonster\assets\monsters\monkey\monkey_youkou.png
monkey,3,tasogare,ChatGPT Image 2026年7月1日 07_49_14 (3).png,monkey_tasogare.png,C:\Users\user\work\git\ScanMonster\assets\monsters\monkey\ChatGPT Image 2026年7月1日 07_49_14 (3).png,C:\Users\user\work\git\ScanMonster\assets\monsters\monkey\monkey_tasogare.png
monkey,4,tsukikage,ChatGPT Image 2026年7月1日 07_49_15 (4).png,monkey_tsukikage.png,C:\Users\user\work\git\ScanMonster\assets\monsters\monkey\ChatGPT Image 2026年7月1日 07_49_15 (4).png,C:\Users\user\work\git\ScanMonster\assets\monsters\monkey\monkey_tsukikage.png
monkey,5,harukaze,ChatGPT Image 2026年7月1日 07_49_16 (5).png,monkey_harukaze.png,C:\Users\user\work\git\ScanMonster\assets\monsters\monkey\ChatGPT Image 2026年7月1日 07_49_16 (5).png,C:\Users\user\work\git\ScanMonster\assets\monsters\monkey\monkey_harukaze.png
monkey,6,natsuhikari,ChatGPT Image 2026年7月1日 07_49_16 (6).png,monkey_natsuhikari.png,C:\Users\user\work\git\ScanMonster\assets\monsters\monkey\ChatGPT Image 2026年7月1日 07_49_16 (6).png,C:\Users\user\work\git\ScanMonster\assets\monsters\monkey\monkey_natsuhikari.png
monkey,7,momiji,ChatGPT Image 2026年7月1日 07_52_00 (1).png,monkey_momiji.png,C:\Users\user\work\git\ScanMonster\assets\monsters\monkey\ChatGPT Image 2026年7月1日 07_52_00 (1).png,C:\Users\user\work\git\ScanMonster\assets\monsters\monkey\monkey_momiji.png
monkey,8,yukitomoshi,ChatGPT Image 2026年7月1日 07_52_03 (2).png,monkey_yukitomoshi.png,C:\Users\user\work\git\ScanMonster\assets\monsters\monkey\ChatGPT Image 2026年7月1日 07_52_03 (2).png,C:\Users\user\work\git\ScanMonster\assets\monsters\monkey\monkey_yukitomoshi.png
monkey,9,common,ChatGPT Image 2026年7月1日 07_52_07 (3).png,monkey_common.png,C:\Users\user\work\git\ScanMonster\assets\monsters\monkey\ChatGPT Image 2026年7月1日 07_52_07 (3).png,C:\Users\user\work\git\ScanMonster\assets\monsters\monkey\monkey_common.png
monkey,10,uncommon,ChatGPT Image 2026年7月1日 07_52_10 (4).png,monkey_uncommon.png,C:\Users\user\work\git\ScanMonster\assets\monsters\monkey\ChatGPT Image 2026年7月1日 07_52_10 (4).png,C:\Users\user\work\git\ScanMonster\assets\monsters\monkey\monkey_uncommon.png
monkey,11,rare,ChatGPT Image 2026年7月1日 07_52_12 (5).png,monkey_rare.png,C:\Users\user\work\git\ScanMonster\assets\monsters\monkey\ChatGPT Image 2026年7月1日 07_52_12 (5).png,C:\Users\user\work\git\ScanMonster\assets\monsters\monkey\monkey_rare.png
monkey,12,legend,ChatGPT Image 2026年7月1日 07_52_13 (6).png,monkey_legend.png,C:\Users\user\work\git\ScanMonster\assets\monsters\monkey\ChatGPT Image 2026年7月1日 07_52_13 (6).png,C:\Users\user\work\git\ScanMonster\assets\monsters\monkey\monkey_legend.png
ostrich,1,asatsuyu,ChatGPT Image 2026年7月1日 07_56_58 (1).png,ostrich_asatsuyu.png,C:\Users\user\work\git\ScanMonster\assets\monsters\ostrich\ChatGPT Image 2026年7月1日 07_56_58 (1).png,C:\Users\user\work\git\ScanMonster\assets\monsters\ostrich\ostrich_asatsuyu.png
ostrich,2,youkou,ChatGPT Image 2026年7月1日 07_57_03 (2).png,ostrich_youkou.png,C:\Users\user\work\git\ScanMonster\assets\monsters\ostrich\ChatGPT Image 2026年7月1日 07_57_03 (2).png,C:\Users\user\work\git\ScanMonster\assets\monsters\ostrich\ostrich_youkou.png
ostrich,3,tasogare,ChatGPT Image 2026年7月1日 07_57_03 (3).png,ostrich_tasogare.png,C:\Users\user\work\git\ScanMonster\assets\monsters\ostrich\ChatGPT Image 2026年7月1日 07_57_03 (3).png,C:\Users\user\work\git\ScanMonster\assets\monsters\ostrich\ostrich_tasogare.png
ostrich,4,tsukikage,ChatGPT Image 2026年7月1日 07_57_03 (4).png,ostrich_tsukikage.png,C:\Users\user\work\git\ScanMonster\assets\monsters\ostrich\ChatGPT Image 2026年7月1日 07_57_03 (4).png,C:\Users\user\work\git\ScanMonster\assets\monsters\ostrich\ostrich_tsukikage.png
ostrich,5,harukaze,ChatGPT Image 2026年7月1日 07_57_03 (5).png,ostrich_harukaze.png,C:\Users\user\work\git\ScanMonster\assets\monsters\ostrich\ChatGPT Image 2026年7月1日 07_57_03 (5).png,C:\Users\user\work\git\ScanMonster\assets\monsters\ostrich\ostrich_harukaze.png
ostrich,6,natsuhikari,ChatGPT Image 2026年7月1日 07_57_03 (6).png,ostrich_natsuhikari.png,C:\Users\user\work\git\ScanMonster\assets\monsters\ostrich\ChatGPT Image 2026年7月1日 07_57_03 (6).png,C:\Users\user\work\git\ScanMonster\assets\monsters\ostrich\ostrich_natsuhikari.png
ostrich,7,momiji,ChatGPT Image 2026年7月1日 07_57_40 (1).png,ostrich_momiji.png,C:\Users\user\work\git\ScanMonster\assets\monsters\ostrich\ChatGPT Image 2026年7月1日 07_57_40 (1).png,C:\Users\user\work\git\ScanMonster\assets\monsters\ostrich\ostrich_momiji.png
ostrich,8,yukitomoshi,ChatGPT Image 2026年7月1日 07_57_41 (2).png,ostrich_yukitomoshi.png,C:\Users\user\work\git\ScanMonster\assets\monsters\ostrich\ChatGPT Image 2026年7月1日 07_57_41 (2).png,C:\Users\user\work\git\ScanMonster\assets\monsters\ostrich\ostrich_yukitomoshi.png
ostrich,9,common,ChatGPT Image 2026年7月1日 07_57_41 (3).png,ostrich_common.png,C:\Users\user\work\git\ScanMonster\assets\monsters\ostrich\ChatGPT Image 2026年7月1日 07_57_41 (3).png,C:\Users\user\work\git\ScanMonster\assets\monsters\ostrich\ostrich_common.png
ostrich,10,uncommon,ChatGPT Image 2026年7月1日 07_57_41 (4).png,ostrich_uncommon.png,C:\Users\user\work\git\ScanMonster\assets\monsters\ostrich\ChatGPT Image 2026年7月1日 07_57_41 (4).png,C:\Users\user\work\git\ScanMonster\assets\monsters\ostrich\ostrich_uncommon.png
ostrich,11,rare,ChatGPT Image 2026年7月1日 07_57_42 (5).png,ostrich_rare.png,C:\Users\user\work\git\ScanMonster\assets\monsters\ostrich\ChatGPT Image 2026年7月1日 07_57_42 (5).png,C:\Users\user\work\git\ScanMonster\assets\monsters\ostrich\ostrich_rare.png
ostrich,12,legend,ChatGPT Image 2026年7月1日 07_57_42 (6).png,ostrich_legend.png,C:\Users\user\work\git\ScanMonster\assets\monsters\ostrich\ChatGPT Image 2026年7月1日 07_57_42 (6).png,C:\Users\user\work\git\ScanMonster\assets\monsters\ostrich\ostrich_legend.png
owl,1,asatsuyu,ChatGPT Image 2026年7月1日 08_00_24 (1).png,owl_asatsuyu.png,C:\Users\user\work\git\ScanMonster\assets\monsters\owl\ChatGPT Image 2026年7月1日 08_00_24 (1).png,C:\Users\user\work\git\ScanMonster\assets\monsters\owl\owl_asatsuyu.png
owl,2,youkou,ChatGPT Image 2026年7月1日 08_00_24 (2).png,owl_youkou.png,C:\Users\user\work\git\ScanMonster\assets\monsters\owl\ChatGPT Image 2026年7月1日 08_00_24 (2).png,C:\Users\user\work\git\ScanMonster\assets\monsters\owl\owl_youkou.png
owl,3,tasogare,ChatGPT Image 2026年7月1日 08_00_24 (3).png,owl_tasogare.png,C:\Users\user\work\git\ScanMonster\assets\monsters\owl\ChatGPT Image 2026年7月1日 08_00_24 (3).png,C:\Users\user\work\git\ScanMonster\assets\monsters\owl\owl_tasogare.png
owl,4,tsukikage,ChatGPT Image 2026年7月1日 08_00_25 (4).png,owl_tsukikage.png,C:\Users\user\work\git\ScanMonster\assets\monsters\owl\ChatGPT Image 2026年7月1日 08_00_25 (4).png,C:\Users\user\work\git\ScanMonster\assets\monsters\owl\owl_tsukikage.png
owl,5,harukaze,ChatGPT Image 2026年7月1日 08_00_25 (5).png,owl_harukaze.png,C:\Users\user\work\git\ScanMonster\assets\monsters\owl\ChatGPT Image 2026年7月1日 08_00_25 (5).png,C:\Users\user\work\git\ScanMonster\assets\monsters\owl\owl_harukaze.png
owl,6,natsuhikari,ChatGPT Image 2026年7月1日 08_00_25 (6).png,owl_natsuhikari.png,C:\Users\user\work\git\ScanMonster\assets\monsters\owl\ChatGPT Image 2026年7月1日 08_00_25 (6).png,C:\Users\user\work\git\ScanMonster\assets\monsters\owl\owl_natsuhikari.png
owl,7,momiji,ChatGPT Image 2026年7月1日 08_03_14 (1).png,owl_momiji.png,C:\Users\user\work\git\ScanMonster\assets\monsters\owl\ChatGPT Image 2026年7月1日 08_03_14 (1).png,C:\Users\user\work\git\ScanMonster\assets\monsters\owl\owl_momiji.png
owl,8,yukitomoshi,ChatGPT Image 2026年7月1日 08_03_14 (2).png,owl_yukitomoshi.png,C:\Users\user\work\git\ScanMonster\assets\monsters\owl\ChatGPT Image 2026年7月1日 08_03_14 (2).png,C:\Users\user\work\git\ScanMonster\assets\monsters\owl\owl_yukitomoshi.png
owl,9,common,ChatGPT Image 2026年7月1日 08_03_15 (3).png,owl_common.png,C:\Users\user\work\git\ScanMonster\assets\monsters\owl\ChatGPT Image 2026年7月1日 08_03_15 (3).png,C:\Users\user\work\git\ScanMonster\assets\monsters\owl\owl_common.png
owl,10,uncommon,ChatGPT Image 2026年7月1日 08_03_15 (4).png,owl_uncommon.png,C:\Users\user\work\git\ScanMonster\assets\monsters\owl\ChatGPT Image 2026年7月1日 08_03_15 (4).png,C:\Users\user\work\git\ScanMonster\assets\monsters\owl\owl_uncommon.png
owl,11,rare,ChatGPT Image 2026年7月1日 08_03_15 (5).png,owl_rare.png,C:\Users\user\work\git\ScanMonster\assets\monsters\owl\ChatGPT Image 2026年7月1日 08_03_15 (5).png,C:\Users\user\work\git\ScanMonster\assets\monsters\owl\owl_rare.png
owl,12,legend,ChatGPT Image 2026年7月1日 08_03_15 (6).png,owl_legend.png,C:\Users\user\work\git\ScanMonster\assets\monsters\owl\ChatGPT Image 2026年7月1日 08_03_15 (6).png,C:\Users\user\work\git\ScanMonster\assets\monsters\owl\owl_legend.png
penguin,1,momiji,ChatGPT Image 2026年7月1日 08_15_55 (1).png,penguin_momiji.png,C:\Users\user\work\git\ScanMonster\assets\monsters\penguin\ChatGPT Image 2026年7月1日 08_15_55 (1).png,C:\Users\user\work\git\ScanMonster\assets\monsters\penguin\penguin_momiji.png
penguin,2,yukitomoshi,ChatGPT Image 2026年7月1日 08_15_59 (2).png,penguin_yukitomoshi.png,C:\Users\user\work\git\ScanMonster\assets\monsters\penguin\ChatGPT Image 2026年7月1日 08_15_59 (2).png,C:\Users\user\work\git\ScanMonster\assets\monsters\penguin\penguin_yukitomoshi.png
penguin,3,common,ChatGPT Image 2026年7月1日 08_16_00 (3).png,penguin_common.png,C:\Users\user\work\git\ScanMonster\assets\monsters\penguin\ChatGPT Image 2026年7月1日 08_16_00 (3).png,C:\Users\user\work\git\ScanMonster\assets\monsters\penguin\penguin_common.png
penguin,4,uncommon,ChatGPT Image 2026年7月1日 08_16_00 (4).png,penguin_uncommon.png,C:\Users\user\work\git\ScanMonster\assets\monsters\penguin\ChatGPT Image 2026年7月1日 08_16_00 (4).png,C:\Users\user\work\git\ScanMonster\assets\monsters\penguin\penguin_uncommon.png
penguin,5,rare,ChatGPT Image 2026年7月1日 08_16_01 (5).png,penguin_rare.png,C:\Users\user\work\git\ScanMonster\assets\monsters\penguin\ChatGPT Image 2026年7月1日 08_16_01 (5).png,C:\Users\user\work\git\ScanMonster\assets\monsters\penguin\penguin_rare.png
penguin,6,legend,ChatGPT Image 2026年7月1日 08_16_16 (6).png,penguin_legend.png,C:\Users\user\work\git\ScanMonster\assets\monsters\penguin\ChatGPT Image 2026年7月1日 08_16_16 (6).png,C:\Users\user\work\git\ScanMonster\assets\monsters\penguin\penguin_legend.png
penguin,7,asatsuyu,ChatGPT Image 2026年7月1日 08_16_26 (1).png,penguin_asatsuyu.png,C:\Users\user\work\git\ScanMonster\assets\monsters\penguin\ChatGPT Image 2026年7月1日 08_16_26 (1).png,C:\Users\user\work\git\ScanMonster\assets\monsters\penguin\penguin_asatsuyu.png
penguin,8,youkou,ChatGPT Image 2026年7月1日 08_16_26 (2).png,penguin_youkou.png,C:\Users\user\work\git\ScanMonster\assets\monsters\penguin\ChatGPT Image 2026年7月1日 08_16_26 (2).png,C:\Users\user\work\git\ScanMonster\assets\monsters\penguin\penguin_youkou.png
penguin,9,tasogare,ChatGPT Image 2026年7月1日 08_16_26 (3).png,penguin_tasogare.png,C:\Users\user\work\git\ScanMonster\assets\monsters\penguin\ChatGPT Image 2026年7月1日 08_16_26 (3).png,C:\Users\user\work\git\ScanMonster\assets\monsters\penguin\penguin_tasogare.png
penguin,10,tsukikage,ChatGPT Image 2026年7月1日 08_16_26 (4).png,penguin_tsukikage.png,C:\Users\user\work\git\ScanMonster\assets\monsters\penguin\ChatGPT Image 2026年7月1日 08_16_26 (4).png,C:\Users\user\work\git\ScanMonster\assets\monsters\penguin\penguin_tsukikage.png
penguin,11,harukaze,ChatGPT Image 2026年7月1日 08_16_26 (5).png,penguin_harukaze.png,C:\Users\user\work\git\ScanMonster\assets\monsters\penguin\ChatGPT Image 2026年7月1日 08_16_26 (5).png,C:\Users\user\work\git\ScanMonster\assets\monsters\penguin\penguin_harukaze.png
penguin,12,natsuhikari,ChatGPT Image 2026年7月1日 08_16_27 (6).png,penguin_natsuhikari.png,C:\Users\user\work\git\ScanMonster\assets\monsters\penguin\ChatGPT Image 2026年7月1日 08_16_27 (6).png,C:\Users\user\work\git\ScanMonster\assets\monsters\penguin\penguin_natsuhikari.png
rabbit,1,asatsuyu,ChatGPT Image 2026年7月1日 22_44_33 (1).png,rabbit_asatsuyu.png,C:\Users\user\work\git\ScanMonster\assets\monsters\rabbit\ChatGPT Image 2026年7月1日 22_44_33 (1).png,C:\Users\user\work\git\ScanMonster\assets\monsters\rabbit\rabbit_asatsuyu.png
rabbit,2,youkou,ChatGPT Image 2026年7月1日 22_44_34 (2).png,rabbit_youkou.png,C:\Users\user\work\git\ScanMonster\assets\monsters\rabbit\ChatGPT Image 2026年7月1日 22_44_34 (2).png,C:\Users\user\work\git\ScanMonster\assets\monsters\rabbit\rabbit_youkou.png
rabbit,3,tasogare,ChatGPT Image 2026年7月1日 22_44_34 (3).png,rabbit_tasogare.png,C:\Users\user\work\git\ScanMonster\assets\monsters\rabbit\ChatGPT Image 2026年7月1日 22_44_34 (3).png,C:\Users\user\work\git\ScanMonster\assets\monsters\rabbit\rabbit_tasogare.png
rabbit,4,tsukikage,ChatGPT Image 2026年7月1日 22_44_34 (4).png,rabbit_tsukikage.png,C:\Users\user\work\git\ScanMonster\assets\monsters\rabbit\ChatGPT Image 2026年7月1日 22_44_34 (4).png,C:\Users\user\work\git\ScanMonster\assets\monsters\rabbit\rabbit_tsukikage.png
rabbit,5,harukaze,ChatGPT Image 2026年7月1日 22_44_35 (5).png,rabbit_harukaze.png,C:\Users\user\work\git\ScanMonster\assets\monsters\rabbit\ChatGPT Image 2026年7月1日 22_44_35 (5).png,C:\Users\user\work\git\ScanMonster\assets\monsters\rabbit\rabbit_harukaze.png
rabbit,6,natsuhikari,ChatGPT Image 2026年7月1日 22_44_35 (6).png,rabbit_natsuhikari.png,C:\Users\user\work\git\ScanMonster\assets\monsters\rabbit\ChatGPT Image 2026年7月1日 22_44_35 (6).png,C:\Users\user\work\git\ScanMonster\assets\monsters\rabbit\rabbit_natsuhikari.png
rabbit,7,momiji,ChatGPT Image 2026年7月1日 22_45_07 (1).png,rabbit_momiji.png,C:\Users\user\work\git\ScanMonster\assets\monsters\rabbit\ChatGPT Image 2026年7月1日 22_45_07 (1).png,C:\Users\user\work\git\ScanMonster\assets\monsters\rabbit\rabbit_momiji.png
rabbit,8,yukitomoshi,ChatGPT Image 2026年7月1日 22_45_07 (2).png,rabbit_yukitomoshi.png,C:\Users\user\work\git\ScanMonster\assets\monsters\rabbit\ChatGPT Image 2026年7月1日 22_45_07 (2).png,C:\Users\user\work\git\ScanMonster\assets\monsters\rabbit\rabbit_yukitomoshi.png
rabbit,9,common,ChatGPT Image 2026年7月1日 22_45_08 (3).png,rabbit_common.png,C:\Users\user\work\git\ScanMonster\assets\monsters\rabbit\ChatGPT Image 2026年7月1日 22_45_08 (3).png,C:\Users\user\work\git\ScanMonster\assets\monsters\rabbit\rabbit_common.png
rabbit,10,uncommon,ChatGPT Image 2026年7月1日 22_45_10 (4).png,rabbit_uncommon.png,C:\Users\user\work\git\ScanMonster\assets\monsters\rabbit\ChatGPT Image 2026年7月1日 22_45_10 (4).png,C:\Users\user\work\git\ScanMonster\assets\monsters\rabbit\rabbit_uncommon.png
rabbit,11,rare,ChatGPT Image 2026年7月1日 22_45_10 (5).png,rabbit_rare.png,C:\Users\user\work\git\ScanMonster\assets\monsters\rabbit\ChatGPT Image 2026年7月1日 22_45_10 (5).png,C:\Users\user\work\git\ScanMonster\assets\monsters\rabbit\rabbit_rare.png
rabbit,12,legend,ChatGPT Image 2026年7月1日 22_45_10 (6).png,rabbit_legend.png,C:\Users\user\work\git\ScanMonster\assets\monsters\rabbit\ChatGPT Image 2026年7月1日 22_45_10 (6).png,C:\Users\user\work\git\ScanMonster\assets\monsters\rabbit\rabbit_legend.png
shark,1,asatsuyu,ChatGPT Image 2026年7月1日 22_47_39 (1).png,shark_asatsuyu.png,C:\Users\user\work\git\ScanMonster\assets\monsters\shark\ChatGPT Image 2026年7月1日 22_47_39 (1).png,C:\Users\user\work\git\ScanMonster\assets\monsters\shark\shark_asatsuyu.png
shark,2,youkou,ChatGPT Image 2026年7月1日 22_47_39 (2).png,shark_youkou.png,C:\Users\user\work\git\ScanMonster\assets\monsters\shark\ChatGPT Image 2026年7月1日 22_47_39 (2).png,C:\Users\user\work\git\ScanMonster\assets\monsters\shark\shark_youkou.png
shark,3,tasogare,ChatGPT Image 2026年7月1日 22_47_39 (3).png,shark_tasogare.png,C:\Users\user\work\git\ScanMonster\assets\monsters\shark\ChatGPT Image 2026年7月1日 22_47_39 (3).png,C:\Users\user\work\git\ScanMonster\assets\monsters\shark\shark_tasogare.png
shark,4,tsukikage,ChatGPT Image 2026年7月1日 22_47_39 (4).png,shark_tsukikage.png,C:\Users\user\work\git\ScanMonster\assets\monsters\shark\ChatGPT Image 2026年7月1日 22_47_39 (4).png,C:\Users\user\work\git\ScanMonster\assets\monsters\shark\shark_tsukikage.png
shark,5,harukaze,ChatGPT Image 2026年7月1日 22_47_39 (5).png,shark_harukaze.png,C:\Users\user\work\git\ScanMonster\assets\monsters\shark\ChatGPT Image 2026年7月1日 22_47_39 (5).png,C:\Users\user\work\git\ScanMonster\assets\monsters\shark\shark_harukaze.png
shark,6,natsuhikari,ChatGPT Image 2026年7月1日 22_47_39 (6).png,shark_natsuhikari.png,C:\Users\user\work\git\ScanMonster\assets\monsters\shark\ChatGPT Image 2026年7月1日 22_47_39 (6).png,C:\Users\user\work\git\ScanMonster\assets\monsters\shark\shark_natsuhikari.png
shark,7,momiji,ChatGPT Image 2026年7月1日 22_47_56 (1).png,shark_momiji.png,C:\Users\user\work\git\ScanMonster\assets\monsters\shark\ChatGPT Image 2026年7月1日 22_47_56 (1).png,C:\Users\user\work\git\ScanMonster\assets\monsters\shark\shark_momiji.png
shark,8,yukitomoshi,ChatGPT Image 2026年7月1日 22_47_56 (2).png,shark_yukitomoshi.png,C:\Users\user\work\git\ScanMonster\assets\monsters\shark\ChatGPT Image 2026年7月1日 22_47_56 (2).png,C:\Users\user\work\git\ScanMonster\assets\monsters\shark\shark_yukitomoshi.png
shark,9,common,ChatGPT Image 2026年7月1日 22_47_56 (3).png,shark_common.png,C:\Users\user\work\git\ScanMonster\assets\monsters\shark\ChatGPT Image 2026年7月1日 22_47_56 (3).png,C:\Users\user\work\git\ScanMonster\assets\monsters\shark\shark_common.png
shark,10,uncommon,ChatGPT Image 2026年7月1日 22_47_57 (5).png,shark_uncommon.png,C:\Users\user\work\git\ScanMonster\assets\monsters\shark\ChatGPT Image 2026年7月1日 22_47_57 (5).png,C:\Users\user\work\git\ScanMonster\assets\monsters\shark\shark_uncommon.png
shark,11,rare,ChatGPT Image 2026年7月1日 22_47_56 (4).png,shark_rare.png,C:\Users\user\work\git\ScanMonster\assets\monsters\shark\ChatGPT Image 2026年7月1日 22_47_56 (4).png,C:\Users\user\work\git\ScanMonster\assets\monsters\shark\shark_rare.png
shark,12,legend,ChatGPT Image 2026年7月1日 22_47_57 (6).png,shark_legend.png,C:\Users\user\work\git\ScanMonster\assets\monsters\shark\ChatGPT Image 2026年7月1日 22_47_57 (6).png,C:\Users\user\work\git\ScanMonster\assets\monsters\shark\shark_legend.png
snake,1,asatsuyu,ChatGPT Image 2026年7月1日 22_48_23 (1).png,snake_asatsuyu.png,C:\Users\user\work\git\ScanMonster\assets\monsters\snake\ChatGPT Image 2026年7月1日 22_48_23 (1).png,C:\Users\user\work\git\ScanMonster\assets\monsters\snake\snake_asatsuyu.png
snake,2,youkou,ChatGPT Image 2026年7月1日 22_48_23 (2).png,snake_youkou.png,C:\Users\user\work\git\ScanMonster\assets\monsters\snake\ChatGPT Image 2026年7月1日 22_48_23 (2).png,C:\Users\user\work\git\ScanMonster\assets\monsters\snake\snake_youkou.png
snake,3,tasogare,ChatGPT Image 2026年7月1日 22_48_24 (3).png,snake_tasogare.png,C:\Users\user\work\git\ScanMonster\assets\monsters\snake\ChatGPT Image 2026年7月1日 22_48_24 (3).png,C:\Users\user\work\git\ScanMonster\assets\monsters\snake\snake_tasogare.png
snake,4,tsukikage,ChatGPT Image 2026年7月1日 22_48_24 (4).png,snake_tsukikage.png,C:\Users\user\work\git\ScanMonster\assets\monsters\snake\ChatGPT Image 2026年7月1日 22_48_24 (4).png,C:\Users\user\work\git\ScanMonster\assets\monsters\snake\snake_tsukikage.png
snake,5,harukaze,ChatGPT Image 2026年7月1日 22_48_24 (5).png,snake_harukaze.png,C:\Users\user\work\git\ScanMonster\assets\monsters\snake\ChatGPT Image 2026年7月1日 22_48_24 (5).png,C:\Users\user\work\git\ScanMonster\assets\monsters\snake\snake_harukaze.png
snake,6,natsuhikari,ChatGPT Image 2026年7月1日 22_48_24 (6).png,snake_natsuhikari.png,C:\Users\user\work\git\ScanMonster\assets\monsters\snake\ChatGPT Image 2026年7月1日 22_48_24 (6).png,C:\Users\user\work\git\ScanMonster\assets\monsters\snake\snake_natsuhikari.png
snake,7,momiji,ChatGPT Image 2026年7月1日 22_48_36 (1).png,snake_momiji.png,C:\Users\user\work\git\ScanMonster\assets\monsters\snake\ChatGPT Image 2026年7月1日 22_48_36 (1).png,C:\Users\user\work\git\ScanMonster\assets\monsters\snake\snake_momiji.png
snake,8,yukitomoshi,ChatGPT Image 2026年7月1日 22_48_36 (2).png,snake_yukitomoshi.png,C:\Users\user\work\git\ScanMonster\assets\monsters\snake\ChatGPT Image 2026年7月1日 22_48_36 (2).png,C:\Users\user\work\git\ScanMonster\assets\monsters\snake\snake_yukitomoshi.png
snake,9,common,ChatGPT Image 2026年7月1日 22_48_36 (3).png,snake_common.png,C:\Users\user\work\git\ScanMonster\assets\monsters\snake\ChatGPT Image 2026年7月1日 22_48_36 (3).png,C:\Users\user\work\git\ScanMonster\assets\monsters\snake\snake_common.png
snake,10,uncommon,ChatGPT Image 2026年7月1日 22_48_36 (4).png,snake_uncommon.png,C:\Users\user\work\git\ScanMonster\assets\monsters\snake\ChatGPT Image 2026年7月1日 22_48_36 (4).png,C:\Users\user\work\git\ScanMonster\assets\monsters\snake\snake_uncommon.png
snake,11,rare,ChatGPT Image 2026年7月1日 22_48_36 (5).png,snake_rare.png,C:\Users\user\work\git\ScanMonster\assets\monsters\snake\ChatGPT Image 2026年7月1日 22_48_36 (5).png,C:\Users\user\work\git\ScanMonster\assets\monsters\snake\snake_rare.png
snake,12,legend,ChatGPT Image 2026年7月1日 22_48_37 (6).png,snake_legend.png,C:\Users\user\work\git\ScanMonster\assets\monsters\snake\ChatGPT Image 2026年7月1日 22_48_37 (6).png,C:\Users\user\work\git\ScanMonster\assets\monsters\snake\snake_legend.png
sparrow,1,asatsuyu,ChatGPT Image 2026年7月1日 22_49_50 (1).png,sparrow_asatsuyu.png,C:\Users\user\work\git\ScanMonster\assets\monsters\sparrow\ChatGPT Image 2026年7月1日 22_49_50 (1).png,C:\Users\user\work\git\ScanMonster\assets\monsters\sparrow\sparrow_asatsuyu.png
sparrow,2,youkou,ChatGPT Image 2026年7月1日 22_49_50 (2).png,sparrow_youkou.png,C:\Users\user\work\git\ScanMonster\assets\monsters\sparrow\ChatGPT Image 2026年7月1日 22_49_50 (2).png,C:\Users\user\work\git\ScanMonster\assets\monsters\sparrow\sparrow_youkou.png
sparrow,3,tasogare,ChatGPT Image 2026年7月1日 22_49_51 (3).png,sparrow_tasogare.png,C:\Users\user\work\git\ScanMonster\assets\monsters\sparrow\ChatGPT Image 2026年7月1日 22_49_51 (3).png,C:\Users\user\work\git\ScanMonster\assets\monsters\sparrow\sparrow_tasogare.png
sparrow,4,tsukikage,ChatGPT Image 2026年7月1日 22_49_52 (4).png,sparrow_tsukikage.png,C:\Users\user\work\git\ScanMonster\assets\monsters\sparrow\ChatGPT Image 2026年7月1日 22_49_52 (4).png,C:\Users\user\work\git\ScanMonster\assets\monsters\sparrow\sparrow_tsukikage.png
sparrow,5,harukaze,ChatGPT Image 2026年7月1日 22_49_53 (5).png,sparrow_harukaze.png,C:\Users\user\work\git\ScanMonster\assets\monsters\sparrow\ChatGPT Image 2026年7月1日 22_49_53 (5).png,C:\Users\user\work\git\ScanMonster\assets\monsters\sparrow\sparrow_harukaze.png
sparrow,6,natsuhikari,ChatGPT Image 2026年7月1日 22_49_53 (6).png,sparrow_natsuhikari.png,C:\Users\user\work\git\ScanMonster\assets\monsters\sparrow\ChatGPT Image 2026年7月1日 22_49_53 (6).png,C:\Users\user\work\git\ScanMonster\assets\monsters\sparrow\sparrow_natsuhikari.png
sparrow,7,momiji,ChatGPT Image 2026年7月1日 22_52_35 (1).png,sparrow_momiji.png,C:\Users\user\work\git\ScanMonster\assets\monsters\sparrow\ChatGPT Image 2026年7月1日 22_52_35 (1).png,C:\Users\user\work\git\ScanMonster\assets\monsters\sparrow\sparrow_momiji.png
sparrow,8,yukitomoshi,ChatGPT Image 2026年7月1日 22_52_35 (2).png,sparrow_yukitomoshi.png,C:\Users\user\work\git\ScanMonster\assets\monsters\sparrow\ChatGPT Image 2026年7月1日 22_52_35 (2).png,C:\Users\user\work\git\ScanMonster\assets\monsters\sparrow\sparrow_yukitomoshi.png
sparrow,9,common,ChatGPT Image 2026年7月1日 22_52_35 (3).png,sparrow_common.png,C:\Users\user\work\git\ScanMonster\assets\monsters\sparrow\ChatGPT Image 2026年7月1日 22_52_35 (3).png,C:\Users\user\work\git\ScanMonster\assets\monsters\sparrow\sparrow_common.png
sparrow,10,uncommon,ChatGPT Image 2026年7月1日 22_52_35 (4).png,sparrow_uncommon.png,C:\Users\user\work\git\ScanMonster\assets\monsters\sparrow\ChatGPT Image 2026年7月1日 22_52_35 (4).png,C:\Users\user\work\git\ScanMonster\assets\monsters\sparrow\sparrow_uncommon.png
sparrow,11,rare,ChatGPT Image 2026年7月1日 22_52_36 (5).png,sparrow_rare.png,C:\Users\user\work\git\ScanMonster\assets\monsters\sparrow\ChatGPT Image 2026年7月1日 22_52_36 (5).png,C:\Users\user\work\git\ScanMonster\assets\monsters\sparrow\sparrow_rare.png
sparrow,12,legend,ChatGPT Image 2026年7月1日 22_52_36 (6).png,sparrow_legend.png,C:\Users\user\work\git\ScanMonster\assets\monsters\sparrow\ChatGPT Image 2026年7月1日 22_52_36 (6).png,C:\Users\user\work\git\ScanMonster\assets\monsters\sparrow\sparrow_legend.png
squirrel,1,yukitomoshi,ChatGPT Image 2026年7月1日 22_59_18 (2).png,squirrel_yukitomoshi.png,C:\Users\user\work\git\ScanMonster\assets\monsters\squirrel\ChatGPT Image 2026年7月1日 22_59_18 (2).png,C:\Users\user\work\git\ScanMonster\assets\monsters\squirrel\squirrel_yukitomoshi.png
squirrel,2,momiji,ChatGPT Image 2026年7月1日 22_59_18 (1).png,squirrel_momiji.png,C:\Users\user\work\git\ScanMonster\assets\monsters\squirrel\ChatGPT Image 2026年7月1日 22_59_18 (1).png,C:\Users\user\work\git\ScanMonster\assets\monsters\squirrel\squirrel_momiji.png
squirrel,3,common,ChatGPT Image 2026年7月1日 22_59_18 (3).png,squirrel_common.png,C:\Users\user\work\git\ScanMonster\assets\monsters\squirrel\ChatGPT Image 2026年7月1日 22_59_18 (3).png,C:\Users\user\work\git\ScanMonster\assets\monsters\squirrel\squirrel_common.png
squirrel,4,uncommon,ChatGPT Image 2026年7月1日 22_59_19 (4).png,squirrel_uncommon.png,C:\Users\user\work\git\ScanMonster\assets\monsters\squirrel\ChatGPT Image 2026年7月1日 22_59_19 (4).png,C:\Users\user\work\git\ScanMonster\assets\monsters\squirrel\squirrel_uncommon.png
squirrel,5,rare,ChatGPT Image 2026年7月1日 22_59_19 (5).png,squirrel_rare.png,C:\Users\user\work\git\ScanMonster\assets\monsters\squirrel\ChatGPT Image 2026年7月1日 22_59_19 (5).png,C:\Users\user\work\git\ScanMonster\assets\monsters\squirrel\squirrel_rare.png
squirrel,6,legend,ChatGPT Image 2026年7月1日 22_59_19 (6).png,squirrel_legend.png,C:\Users\user\work\git\ScanMonster\assets\monsters\squirrel\ChatGPT Image 2026年7月1日 22_59_19 (6).png,C:\Users\user\work\git\ScanMonster\assets\monsters\squirrel\squirrel_legend.png
squirrel,7,asatsuyu,ChatGPT Image 2026年7月1日 22_59_38 (1).png,squirrel_asatsuyu.png,C:\Users\user\work\git\ScanMonster\assets\monsters\squirrel\ChatGPT Image 2026年7月1日 22_59_38 (1).png,C:\Users\user\work\git\ScanMonster\assets\monsters\squirrel\squirrel_asatsuyu.png
squirrel,8,youkou,ChatGPT Image 2026年7月1日 22_59_38 (2).png,squirrel_youkou.png,C:\Users\user\work\git\ScanMonster\assets\monsters\squirrel\ChatGPT Image 2026年7月1日 22_59_38 (2).png,C:\Users\user\work\git\ScanMonster\assets\monsters\squirrel\squirrel_youkou.png
squirrel,9,tasogare,ChatGPT Image 2026年7月1日 22_59_39 (3).png,squirrel_tasogare.png,C:\Users\user\work\git\ScanMonster\assets\monsters\squirrel\ChatGPT Image 2026年7月1日 22_59_39 (3).png,C:\Users\user\work\git\ScanMonster\assets\monsters\squirrel\squirrel_tasogare.png
squirrel,10,tsukikage,ChatGPT Image 2026年7月1日 22_59_39 (4).png,squirrel_tsukikage.png,C:\Users\user\work\git\ScanMonster\assets\monsters\squirrel\ChatGPT Image 2026年7月1日 22_59_39 (4).png,C:\Users\user\work\git\ScanMonster\assets\monsters\squirrel\squirrel_tsukikage.png
squirrel,11,harukaze,ChatGPT Image 2026年7月1日 22_59_39 (5).png,squirrel_harukaze.png,C:\Users\user\work\git\ScanMonster\assets\monsters\squirrel\ChatGPT Image 2026年7月1日 22_59_39 (5).png,C:\Users\user\work\git\ScanMonster\assets\monsters\squirrel\squirrel_harukaze.png
squirrel,12,natsuhikari,ChatGPT Image 2026年7月1日 22_59_39 (6).png,squirrel_natsuhikari.png,C:\Users\user\work\git\ScanMonster\assets\monsters\squirrel\ChatGPT Image 2026年7月1日 22_59_39 (6).png,C:\Users\user\work\git\ScanMonster\assets\monsters\squirrel\squirrel_natsuhikari.png
stag_beetle,1,asatsuyu,ChatGPT Image 2026年7月1日 23_06_12 (1).png,stag_beetle_asatsuyu.png,C:\Users\user\work\git\ScanMonster\assets\monsters\stag_beetle\ChatGPT Image 2026年7月1日 23_06_12 (1).png,C:\Users\user\work\git\ScanMonster\assets\monsters\stag_beetle\stag_beetle_asatsuyu.png
stag_beetle,2,youkou,ChatGPT Image 2026年7月1日 23_06_12 (2).png,stag_beetle_youkou.png,C:\Users\user\work\git\ScanMonster\assets\monsters\stag_beetle\ChatGPT Image 2026年7月1日 23_06_12 (2).png,C:\Users\user\work\git\ScanMonster\assets\monsters\stag_beetle\stag_beetle_youkou.png
stag_beetle,3,tasogare,ChatGPT Image 2026年7月1日 23_06_12 (3).png,stag_beetle_tasogare.png,C:\Users\user\work\git\ScanMonster\assets\monsters\stag_beetle\ChatGPT Image 2026年7月1日 23_06_12 (3).png,C:\Users\user\work\git\ScanMonster\assets\monsters\stag_beetle\stag_beetle_tasogare.png
stag_beetle,4,tsukikage,ChatGPT Image 2026年7月1日 23_06_12 (4).png,stag_beetle_tsukikage.png,C:\Users\user\work\git\ScanMonster\assets\monsters\stag_beetle\ChatGPT Image 2026年7月1日 23_06_12 (4).png,C:\Users\user\work\git\ScanMonster\assets\monsters\stag_beetle\stag_beetle_tsukikage.png
stag_beetle,5,harukaze,ChatGPT Image 2026年7月1日 23_06_12 (5).png,stag_beetle_harukaze.png,C:\Users\user\work\git\ScanMonster\assets\monsters\stag_beetle\ChatGPT Image 2026年7月1日 23_06_12 (5).png,C:\Users\user\work\git\ScanMonster\assets\monsters\stag_beetle\stag_beetle_harukaze.png
stag_beetle,6,natsuhikari,ChatGPT Image 2026年7月1日 23_06_13 (6).png,stag_beetle_natsuhikari.png,C:\Users\user\work\git\ScanMonster\assets\monsters\stag_beetle\ChatGPT Image 2026年7月1日 23_06_13 (6).png,C:\Users\user\work\git\ScanMonster\assets\monsters\stag_beetle\stag_beetle_natsuhikari.png
stag_beetle,7,momiji,ChatGPT Image 2026年7月1日 23_06_28 (1).png,stag_beetle_momiji.png,C:\Users\user\work\git\ScanMonster\assets\monsters\stag_beetle\ChatGPT Image 2026年7月1日 23_06_28 (1).png,C:\Users\user\work\git\ScanMonster\assets\monsters\stag_beetle\stag_beetle_momiji.png
stag_beetle,8,yukitomoshi,ChatGPT Image 2026年7月1日 23_06_28 (2).png,stag_beetle_yukitomoshi.png,C:\Users\user\work\git\ScanMonster\assets\monsters\stag_beetle\ChatGPT Image 2026年7月1日 23_06_28 (2).png,C:\Users\user\work\git\ScanMonster\assets\monsters\stag_beetle\stag_beetle_yukitomoshi.png
stag_beetle,9,common,ChatGPT Image 2026年7月1日 23_06_28 (3).png,stag_beetle_common.png,C:\Users\user\work\git\ScanMonster\assets\monsters\stag_beetle\ChatGPT Image 2026年7月1日 23_06_28 (3).png,C:\Users\user\work\git\ScanMonster\assets\monsters\stag_beetle\stag_beetle_common.png
stag_beetle,10,uncommon,ChatGPT Image 2026年7月1日 23_06_28 (4).png,stag_beetle_uncommon.png,C:\Users\user\work\git\ScanMonster\assets\monsters\stag_beetle\ChatGPT Image 2026年7月1日 23_06_28 (4).png,C:\Users\user\work\git\ScanMonster\assets\monsters\stag_beetle\stag_beetle_uncommon.png
stag_beetle,11,rare,ChatGPT Image 2026年7月1日 23_06_29 (5).png,stag_beetle_rare.png,C:\Users\user\work\git\ScanMonster\assets\monsters\stag_beetle\ChatGPT Image 2026年7月1日 23_06_29 (5).png,C:\Users\user\work\git\ScanMonster\assets\monsters\stag_beetle\stag_beetle_rare.png
stag_beetle,12,legend,ChatGPT Image 2026年7月1日 23_06_32 (6).png,stag_beetle_legend.png,C:\Users\user\work\git\ScanMonster\assets\monsters\stag_beetle\ChatGPT Image 2026年7月1日 23_06_32 (6).png,C:\Users\user\work\git\ScanMonster\assets\monsters\stag_beetle\stag_beetle_legend.png
tanuki,1,asatsuyu,ChatGPT Image 2026年7月1日 23_09_54 (1).png,tanuki_asatsuyu.png,C:\Users\user\work\git\ScanMonster\assets\monsters\tanuki\ChatGPT Image 2026年7月1日 23_09_54 (1).png,C:\Users\user\work\git\ScanMonster\assets\monsters\tanuki\tanuki_asatsuyu.png
tanuki,2,youkou,ChatGPT Image 2026年7月1日 23_09_56 (2).png,tanuki_youkou.png,C:\Users\user\work\git\ScanMonster\assets\monsters\tanuki\ChatGPT Image 2026年7月1日 23_09_56 (2).png,C:\Users\user\work\git\ScanMonster\assets\monsters\tanuki\tanuki_youkou.png
tanuki,3,tasogare,ChatGPT Image 2026年7月1日 23_09_57 (3).png,tanuki_tasogare.png,C:\Users\user\work\git\ScanMonster\assets\monsters\tanuki\ChatGPT Image 2026年7月1日 23_09_57 (3).png,C:\Users\user\work\git\ScanMonster\assets\monsters\tanuki\tanuki_tasogare.png
tanuki,4,tsukikage,ChatGPT Image 2026年7月1日 23_09_58 (4).png,tanuki_tsukikage.png,C:\Users\user\work\git\ScanMonster\assets\monsters\tanuki\ChatGPT Image 2026年7月1日 23_09_58 (4).png,C:\Users\user\work\git\ScanMonster\assets\monsters\tanuki\tanuki_tsukikage.png
tanuki,5,harukaze,ChatGPT Image 2026年7月1日 23_09_58 (5).png,tanuki_harukaze.png,C:\Users\user\work\git\ScanMonster\assets\monsters\tanuki\ChatGPT Image 2026年7月1日 23_09_58 (5).png,C:\Users\user\work\git\ScanMonster\assets\monsters\tanuki\tanuki_harukaze.png
tanuki,6,natsuhikari,ChatGPT Image 2026年7月1日 23_09_59 (6).png,tanuki_natsuhikari.png,C:\Users\user\work\git\ScanMonster\assets\monsters\tanuki\ChatGPT Image 2026年7月1日 23_09_59 (6).png,C:\Users\user\work\git\ScanMonster\assets\monsters\tanuki\tanuki_natsuhikari.png
tanuki,7,momiji,ChatGPT Image 2026年7月1日 23_12_46 (1).png,tanuki_momiji.png,C:\Users\user\work\git\ScanMonster\assets\monsters\tanuki\ChatGPT Image 2026年7月1日 23_12_46 (1).png,C:\Users\user\work\git\ScanMonster\assets\monsters\tanuki\tanuki_momiji.png
tanuki,8,yukitomoshi,ChatGPT Image 2026年7月1日 23_12_46 (2).png,tanuki_yukitomoshi.png,C:\Users\user\work\git\ScanMonster\assets\monsters\tanuki\ChatGPT Image 2026年7月1日 23_12_46 (2).png,C:\Users\user\work\git\ScanMonster\assets\monsters\tanuki\tanuki_yukitomoshi.png
tanuki,9,common,ChatGPT Image 2026年7月1日 23_12_46 (3).png,tanuki_common.png,C:\Users\user\work\git\ScanMonster\assets\monsters\tanuki\ChatGPT Image 2026年7月1日 23_12_46 (3).png,C:\Users\user\work\git\ScanMonster\assets\monsters\tanuki\tanuki_common.png
tanuki,10,uncommon,ChatGPT Image 2026年7月1日 23_12_46 (4).png,tanuki_uncommon.png,C:\Users\user\work\git\ScanMonster\assets\monsters\tanuki\ChatGPT Image 2026年7月1日 23_12_46 (4).png,C:\Users\user\work\git\ScanMonster\assets\monsters\tanuki\tanuki_uncommon.png
tanuki,11,rare,ChatGPT Image 2026年7月1日 23_12_47 (5).png,tanuki_rare.png,C:\Users\user\work\git\ScanMonster\assets\monsters\tanuki\ChatGPT Image 2026年7月1日 23_12_47 (5).png,C:\Users\user\work\git\ScanMonster\assets\monsters\tanuki\tanuki_rare.png
tanuki,12,legend,ChatGPT Image 2026年7月1日 23_12_47 (6).png,tanuki_legend.png,C:\Users\user\work\git\ScanMonster\assets\monsters\tanuki\ChatGPT Image 2026年7月1日 23_12_47 (6).png,C:\Users\user\work\git\ScanMonster\assets\monsters\tanuki\tanuki_legend.png
turtle,1,asatsuyu,ChatGPT Image 2026年7月1日 23_18_13 (1).png,turtle_asatsuyu.png,C:\Users\user\work\git\ScanMonster\assets\monsters\turtle\ChatGPT Image 2026年7月1日 23_18_13 (1).png,C:\Users\user\work\git\ScanMonster\assets\monsters\turtle\turtle_asatsuyu.png
turtle,2,youkou,ChatGPT Image 2026年7月1日 23_18_14 (2).png,turtle_youkou.png,C:\Users\user\work\git\ScanMonster\assets\monsters\turtle\ChatGPT Image 2026年7月1日 23_18_14 (2).png,C:\Users\user\work\git\ScanMonster\assets\monsters\turtle\turtle_youkou.png
turtle,3,tasogare,ChatGPT Image 2026年7月1日 23_18_15 (3).png,turtle_tasogare.png,C:\Users\user\work\git\ScanMonster\assets\monsters\turtle\ChatGPT Image 2026年7月1日 23_18_15 (3).png,C:\Users\user\work\git\ScanMonster\assets\monsters\turtle\turtle_tasogare.png
turtle,4,tsukikage,ChatGPT Image 2026年7月1日 23_18_18 (4).png,turtle_tsukikage.png,C:\Users\user\work\git\ScanMonster\assets\monsters\turtle\ChatGPT Image 2026年7月1日 23_18_18 (4).png,C:\Users\user\work\git\ScanMonster\assets\monsters\turtle\turtle_tsukikage.png
turtle,5,harukaze,ChatGPT Image 2026年7月1日 23_18_19 (5).png,turtle_harukaze.png,C:\Users\user\work\git\ScanMonster\assets\monsters\turtle\ChatGPT Image 2026年7月1日 23_18_19 (5).png,C:\Users\user\work\git\ScanMonster\assets\monsters\turtle\turtle_harukaze.png
turtle,6,natsuhikari,ChatGPT Image 2026年7月1日 23_18_20 (6).png,turtle_natsuhikari.png,C:\Users\user\work\git\ScanMonster\assets\monsters\turtle\ChatGPT Image 2026年7月1日 23_18_20 (6).png,C:\Users\user\work\git\ScanMonster\assets\monsters\turtle\turtle_natsuhikari.png
turtle,7,momiji,ChatGPT Image 2026年7月1日 23_21_29 (1).png,turtle_momiji.png,C:\Users\user\work\git\ScanMonster\assets\monsters\turtle\ChatGPT Image 2026年7月1日 23_21_29 (1).png,C:\Users\user\work\git\ScanMonster\assets\monsters\turtle\turtle_momiji.png
turtle,8,yukitomoshi,ChatGPT Image 2026年7月1日 23_21_29 (2).png,turtle_yukitomoshi.png,C:\Users\user\work\git\ScanMonster\assets\monsters\turtle\ChatGPT Image 2026年7月1日 23_21_29 (2).png,C:\Users\user\work\git\ScanMonster\assets\monsters\turtle\turtle_yukitomoshi.png
turtle,9,common,ChatGPT Image 2026年7月1日 23_21_29 (3).png,turtle_common.png,C:\Users\user\work\git\ScanMonster\assets\monsters\turtle\ChatGPT Image 2026年7月1日 23_21_29 (3).png,C:\Users\user\work\git\ScanMonster\assets\monsters\turtle\turtle_common.png
turtle,10,rare,ChatGPT Image 2026年7月1日 23_21_29 (4).png,turtle_rare.png,C:\Users\user\work\git\ScanMonster\assets\monsters\turtle\ChatGPT Image 2026年7月1日 23_21_29 (4).png,C:\Users\user\work\git\ScanMonster\assets\monsters\turtle\turtle_rare.png
turtle,11,legend,ChatGPT Image 2026年7月1日 23_21_30 (5).png,turtle_legend.png,C:\Users\user\work\git\ScanMonster\assets\monsters\turtle\ChatGPT Image 2026年7月1日 23_21_30 (5).png,C:\Users\user\work\git\ScanMonster\assets\monsters\turtle\turtle_legend.png
whale,1,asatsuyu,ChatGPT Image 2026年7月1日 23_34_47 (1).png,whale_asatsuyu.png,C:\Users\user\work\git\ScanMonster\assets\monsters\whale\ChatGPT Image 2026年7月1日 23_34_47 (1).png,C:\Users\user\work\git\ScanMonster\assets\monsters\whale\whale_asatsuyu.png
whale,2,youkou,ChatGPT Image 2026年7月1日 23_35_02 (2).png,whale_youkou.png,C:\Users\user\work\git\ScanMonster\assets\monsters\whale\ChatGPT Image 2026年7月1日 23_35_02 (2).png,C:\Users\user\work\git\ScanMonster\assets\monsters\whale\whale_youkou.png
whale,3,tasogare,ChatGPT Image 2026年7月1日 23_35_03 (3).png,whale_tasogare.png,C:\Users\user\work\git\ScanMonster\assets\monsters\whale\ChatGPT Image 2026年7月1日 23_35_03 (3).png,C:\Users\user\work\git\ScanMonster\assets\monsters\whale\whale_tasogare.png
whale,4,tsukikage,ChatGPT Image 2026年7月1日 23_35_03 (4).png,whale_tsukikage.png,C:\Users\user\work\git\ScanMonster\assets\monsters\whale\ChatGPT Image 2026年7月1日 23_35_03 (4).png,C:\Users\user\work\git\ScanMonster\assets\monsters\whale\whale_tsukikage.png
whale,5,harukaze,ChatGPT Image 2026年7月1日 23_35_03 (5).png,whale_harukaze.png,C:\Users\user\work\git\ScanMonster\assets\monsters\whale\ChatGPT Image 2026年7月1日 23_35_03 (5).png,C:\Users\user\work\git\ScanMonster\assets\monsters\whale\whale_harukaze.png
whale,6,natsuhikari,ChatGPT Image 2026年7月1日 23_35_03 (6).png,whale_natsuhikari.png,C:\Users\user\work\git\ScanMonster\assets\monsters\whale\ChatGPT Image 2026年7月1日 23_35_03 (6).png,C:\Users\user\work\git\ScanMonster\assets\monsters\whale\whale_natsuhikari.png
whale,7,yukitomoshi,ChatGPT Image 2026年7月1日 23_35_20 (1).png,whale_yukitomoshi.png,C:\Users\user\work\git\ScanMonster\assets\monsters\whale\ChatGPT Image 2026年7月1日 23_35_20 (1).png,C:\Users\user\work\git\ScanMonster\assets\monsters\whale\whale_yukitomoshi.png
whale,8,momiji,ChatGPT Image 2026年7月1日 23_35_21 (2).png,whale_momiji.png,C:\Users\user\work\git\ScanMonster\assets\monsters\whale\ChatGPT Image 2026年7月1日 23_35_21 (2).png,C:\Users\user\work\git\ScanMonster\assets\monsters\whale\whale_momiji.png
whale,9,common,ChatGPT Image 2026年7月1日 23_35_21 (3).png,whale_common.png,C:\Users\user\work\git\ScanMonster\assets\monsters\whale\ChatGPT Image 2026年7月1日 23_35_21 (3).png,C:\Users\user\work\git\ScanMonster\assets\monsters\whale\whale_common.png
whale,10,uncommon,ChatGPT Image 2026年7月1日 23_35_21 (4).png,whale_uncommon.png,C:\Users\user\work\git\ScanMonster\assets\monsters\whale\ChatGPT Image 2026年7月1日 23_35_21 (4).png,C:\Users\user\work\git\ScanMonster\assets\monsters\whale\whale_uncommon.png
whale,11,rare,ChatGPT Image 2026年7月1日 23_35_21 (5).png,whale_rare.png,C:\Users\user\work\git\ScanMonster\assets\monsters\whale\ChatGPT Image 2026年7月1日 23_35_21 (5).png,C:\Users\user\work\git\ScanMonster\assets\monsters\whale\whale_rare.png
whale,12,legend,ChatGPT Image 2026年7月1日 23_35_21 (6).png,whale_legend.png,C:\Users\user\work\git\ScanMonster\assets\monsters\whale\ChatGPT Image 2026年7月1日 23_35_21 (6).png,C:\Users\user\work\git\ScanMonster\assets\monsters\whale\whale_legend.png
